PitchNo,Date,Time,Pitcher,PitcherId,PitcherThrows,PitcherTeam,PitcherSet,TaggedPitchType,PitchSession,Flag,RelSpeed,VertRelAngle,HorzRelAngle,SpinRate,SpinAxis,Tilt,RelHeight,RelSide,Extension,VertBreak,InducedVertBreak,HorzBreak,PlateLocHeight,PlateLocSide,ZoneSpeed,VertApprAngle,HorzApprAngle,ZoneTime,pfxx,pfxz,x0,y0,z0,vx0,vy0,vz0,ax0,ay0,az0,PlayID,CalibrationId,EffVelocity,PracticeType,Device,Direction,BatterId,Batter,HitSpinRate,HitType,ExitSpeed,BatterSide,Angle,PositionAt110X,PositionAt110Y,PositionAt110Z,Distance,LastTrackedDistance,HangTime,Bearing,ContactPositionX,ContactPositionY,ContactPositionZ,SpinAxis3dTransverseAngle,SpinAxis3dLongitudinalAngle,SpinAxis3dActiveSpinRate,SpinAxis3dSpinEfficiency,SpinAxis3dTilt
1,2025-02-15,09:54:35.42,"Pauley, Truman",1000258644,Right,HAR_CRI,,Fastball,Live,,92.04844,-1.653589736,-1.523277314,2121.350021,204.7935498,12:45,5.65145,1.95892,6.49517,-8.79211,23.40448,10.81908,3.40012,1.46209,83.75744,-3.32717224,0.5392699804,0.4083911874,-6.41068,13.39277,-1.85725,50,5.53193,3.24162,-134.00572,-4.13154,-11.61038,30.04153,-7.91839,fad4a945-b4ff-4812-8d76-6277be21938b,d756dd38-b464-492d-9b3d-68381a8eed9b,92.29494,LiveBpPitching,22420025,,1000316933,"Shulman, Tyler",,,,Left,,,,,,,,,,,,,,,,
2,2025-02-15,09:54:50.99,"Pauley, Truman",1000258644,Right,HAR_CRI,,Fastball,Live,,92.41744,-2.995876848,-2.204110495,2135.349126,205.3946201,12:45,5.60255,1.78166,6.51172,-10.74976,21.19254,10.05724,1.9534,0.59644,84.33596,-5.035885985,-0.2890116804,0.4067752253,-6.17414,12.54403,-1.63264,50,5.389,4.8726,-134.3842,-7.35849,-11.27001,29.6145,-9.27671,d0ea5d8e-7c94-4424-ab8a-b2488b3fadb1,d756dd38-b464-492d-9b3d-68381a8eed9b,92.66159,LiveBpPitching,22420025,,1000316933,"Shulman, Tyler",,,,Left,,,,,,,,,,,,,,,,
3,2025-02-15,09:55:08.44,"Pauley, Truman",1000258644,Right,HAR_CRI,,Fastball,Live,,91.89812,-2.120700071,-1.260697136,2132.317087,204.4238909,12:45,5.67639,1.76869,6.46596,-9.50214,22.83423,10.37336,2.9357,1.47522,83.69755,-3.926168598,0.7155057875,0.4092766956,-6.08033,13.19596,-1.6846,50,5.52276,2.63358,-133.76307,-5.23854,-10.9773,29.80918,-8.35034,7cbf901f-a800-4975-bc55-294445e9efe1,d756dd38-b464-492d-9b3d-68381a8eed9b,92.09525,LiveBpPitching,22420025,,1000316933,"Shulman, Tyler",,,,Left,,,,,,,,,,,,,,,,
4,2025-02-15,09:55:27.63,"Pauley, Truman",1000258644,Right,HAR_CRI,,Slider,Live,,83.83816,0.1287066211,-1.609962029,2000.627615,357.3798276,6:00,5.62342,1.89316,5.82652,-46.3698,-6.62854,0.30194,1.87895,0.4215,77.13243,-8.530934513,-1.553182478,0.4537244854,-0.6189,-3.60489,-1.76202,50,5.60659,3.41916,-121.98189,-1.15829,-0.93075,24.41782,-37.59531,c775041f-ef38-4a57-aa31-af32d780834a,d756dd38-b464-492d-9b3d-68381a8eed9b,83.07341,LiveBpPitching,22420025,,1000316933,"Shulman, Tyler",,,,Left,,,,,,,,,,,,,,,,
5,2025-02-15,09:55:56.16,"Pauley, Truman",1000258644,Right,HAR_CRI,,Fastball,Live,,92.13851,-0.8427123759,-1.380971303,2131.507325,203.508153,12:45,5.71271,1.77824,6.6266,-12.4767,19.62557,8.54865,3.90118,1.22608,83.44007,-3.230787011,0.2571565819,0.407792552,-5.16798,11.1525,-1.68844,50,5.65056,2.9881,-134.17259,-2.33379,-9.33034,31.63265,-12.03917,7beca388-066b-47ca-8d38-cd8e6b98d23a,d756dd38-b464-492d-9b3d-68381a8eed9b,92.43043,LiveBpPitching,22420025,,1000060010,"Cooper, George",,,,Right,,,,,,,,,,,,,,,,
6,2025-02-15,09:56:13.45,"Pauley, Truman",1000258644,Right,HAR_CRI,,Fastball,Live,,91.49848,-3.879681601,-3.388009838,2104.716433,200.0537073,12:45,5.63291,1.72513,6.63142,-11.04553,21.40017,7.80595,1.14918,-0.7295,83.83339,-5.972444886,-1.903606553,0.4099680037,-5.24438,12.90779,-1.49945,50,5.36557,7.63999,-132.84647,-9.34289,-9.39192,27.89354,-9.05809,cadd8735-068b-4c09-9f97-5c7be5f1ab5d,d756dd38-b464-492d-9b3d-68381a8eed9b,91.93995,LiveBpPitching,22420025,,1000060010,"Cooper, George",,,,Right,,,,,,,,,,,,,,,,
7,2025-02-15,09:56:34.47,"Pauley, Truman",1000258644,Right,HAR_CRI,,Fastball,Live,,91.46569,-1.911366209,-2.362204532,2163.473967,204.5220886,12:45,5.64733,1.92956,6.64238,-8.72704,23.77969,10.85685,3.16858,0.67108,83.08723,-3.578810185,-0.2862139344,0.4103534378,-6.7203,13.75928,-1.77496,50,5.51493,5.17994,-133.09248,-4.6948,-11.98613,30.06916,-7.6334,6abd94a0-0c26-4d6c-9566-6f0ce978ff44,d756dd38-b464-492d-9b3d-68381a8eed9b,91.8536,LiveBpPitching,22420025,,1000060010,"Cooper, George",,,,Right,,,,,,,,,,,,,,,,
8,2025-02-15,09:57:10.16,"Pauley, Truman",1000258644,Right,HAR_CRI,,Sweeper,Live,,79.46813,2.562868815,0.5660784785,2537.217863,86.82633004,9:00,5.63381,1.81089,6.01995,-44.86034,-0.74618,-12.6807,4.27064,1.27843,72.39976,-5.89988923,-1.832746187,0.4780357802,7.04782,-1.16155,-1.84825,50,5.8099,-0.78459,-115.55351,3.90914,9.47298,22.7204,-33.73529,7014ed6e-ebe6-419a-996b-2afe30d762e9,d756dd38-b464-492d-9b3d-68381a8eed9b,78.84857,LiveBpPitching,22420025,,1000060010,"Cooper, George",,,,Right,,,,,,,,,,,,,,,,
9,2025-02-15,09:57:28.50,"Pauley, Truman",1000258644,Right,HAR_CRI,,Fastball,Live,,90.22451,0.2909187754,-1.911521885,2064.878218,205.6525875,12:45,5.63153,1.69491,6.64576,-14.90232,18.6542,8.97771,4.65606,0.69301,81.41187,-2.568627952,-0.1883899879,0.416926863,-5.5928,10.27845,-1.57,50,5.645,4.13194,-131.34428,0.24958,-9.64612,31.10966,-14.44642,a592ae42-eed0-4d57-8ec7-b96c9d86df8e,d756dd38-b464-492d-9b3d-68381a8eed9b,90.4054,LiveBpPitching,22420025,,1000060010,"Cooper, George",,,,Right,,,,,,,,,,,,,,,,
10,2025-02-15,09:58:00.39,"Pauley, Truman",1000258644,Right,HAR_CRI,,Sweeper,Live,,80.73307,0.7306287403,0.2930184158,2613.678592,99.24861698,9:15,5.53395,1.93061,5.80459,-40.7575,2.45726,-15.31685,2.81692,0.92668,73.4379,-6.929595163,-2.599425803,0.4731375675,8.34799,1.0986,-1.94558,50,5.56976,-0.14653,-117.42233,0.28941,11.52885,24.48593,-30.65685,1b46be2c-3951-4e01-a104-0119ffc72924,d756dd38-b464-492d-9b3d-68381a8eed9b,79.66486,LiveBpPitching,22420025,,1000196492,"Lane, Max",,,,Right,,,,,,,,,,,,,,,,
11,2025-02-15,09:58:18.40,"Pauley, Truman",1000258644,Right,HAR_CRI,,Sweeper,Live,,81.65321,-0.9512250148,-1.825660061,2671.182336,108.1846623,9:30,5.65871,1.89928,6.12761,-37.28412,4.08058,-12.55223,1.67203,-0.83464,75.31556,-7.928404105,-4.191930507,0.4628990851,6.31937,2.48498,-1.75339,50,5.56662,4.14593,-118.84394,-3.03711,9.03571,22.82678,-28.62092,e6cac124-6eb8-4b1b-afaa-d7204e796bee,d756dd38-b464-492d-9b3d-68381a8eed9b,81.4269,LiveBpPitching,22420025,,1000196492,"Lane, Max",,,,Right,,,,,,,,,,,,,,,,
12,2025-02-15,09:58:38.85,"Pauley, Truman",1000258644,Right,HAR_CRI,,Fastball,Live,,90.96883,-1.979696302,-3.544708183,2099.588425,201.0899846,12:45,5.69279,1.43422,6.84688,-12.83367,19.78531,7.6448,2.8143,-1.16447,82.84475,-4.435152263,-2.081341642,0.4110613389,-5.29914,11.63139,-1.21086,50,5.56153,7.98672,-132.28091,-4.92958,-9.35256,29.25192,-11.64556,2097aae8-18d6-4bbc-ac51-d3d1cac0ad28,d756dd38-b464-492d-9b3d-68381a8eed9b,91.69541,LiveBpPitching,22420025,,1000196492,"Lane, Max",,,,Right,,,,,,,,,,,,,,,,
13,2025-02-15,09:59:00.40,"Pauley, Truman",1000258644,Right,HAR_CRI,,Slider,Live,,84.6885,-2.467306791,-2.636233794,2099.555822,23.93541854,6:45,5.65457,1.74851,6.27011,,,,,,,,,,0.65954,-2.47019,-1.55256,50,5.45048,5.74235,-123.12674,-6.57816,1.01253,24.43613,-35.96628,96298ab2-e7da-4848-9df2-6b0eb7545740,d756dd38-b464-492d-9b3d-68381a8eed9b,,LiveBpPitching,22420025,,1000196492,"Lane, Max",,,,Right,,,,,,,,,,,,,,,,
14,2025-02-15,09:59:34.36,"Pauley, Truman",1000258644,Right,HAR_CRI,,Slider,Live,,84.73695,-0.1892120647,-1.005693545,2112.252724,41.80743957,7:30,5.62206,1.7376,6.38143,-42.03084,-4.25477,-3.77738,1.94543,0.49769,78.54899,-8.089807278,-1.72051729,0.4423640182,1.80881,-2.28312,-1.66355,50,5.58869,2.27474,-123.49043,-1.59769,2.81031,23.17932,-35.72129,a326621f-3984-488b-a055-1d3565eabb49,d756dd38-b464-492d-9b3d-68381a8eed9b,85.20684,LiveBpPitching,22420025,,1000196492,"Lane, Max",,,,Right,,,,,,,,,,,,,,,,
15,2025-02-15,10:02:00.96,"Smith, Jack",1000215850,Right,,,Fastball,Live,,87.43422,-2.446829277,-2.707027615,1832.434055,210.3760224,1:00,6.31194,1.31412,5.90379,-16.79452,19.68243,11.54308,2.63749,-0.23832,79.94899,-5.594560961,-0.5360213248,0.4346910065,-6.9787,11.29877,-1.10348,50,6.10576,5.63984,-127.04148,-5.96851,-11.40859,25.95427,-13.70311,cbe3c151-7486-4e61-8d65-4895e4514ee4,d756dd38-b464-492d-9b3d-68381a8eed9b,86.71088,LiveBpPitching,22420025,,1000398580,"Mooney, Ryan",,,,Right,,,,,,,,,,,,,,,,
16,2025-02-15,10:02:17.75,"Smith, Jack",1000215850,Right,,,Fastball,Live,,87.62919,-0.4465075656,-4.896495716,2106.575447,213.7017793,1:00,6.33656,1.24726,5.74371,-17.21781,19.72089,13.2156,4.48455,-2.22086,79.20206,-3.685078169,-2.416075747,0.4374336233,-8.58231,10.736,-0.84791,50,6.28894,10.45134,-127.00722,-1.55259,-13.90613,27.95869,-14.77823,e0dd7058-5691-4391-96a7-521a89114944,d756dd38-b464-492d-9b3d-68381a8eed9b,86.16722,LiveBpPitching,22420025,,1000398580,"Mooney, Ryan",,,,Right,,,,,,,,,,,,,,,,
17,2025-02-15,10:02:34.07,"Smith, Jack",1000215850,Right,,,Curveball,Live,,73.08678,1.348627373,-1.327284725,2598.745662,36.16068956,7:15,6.03682,1.83436,5.26648,-69.39836,-15.38914,-11.2184,1.52091,-0.3474,67.15354,-11.47754264,-3.425500626,0.5289387076,5.51711,-8.57056,-1.70508,50,6.11026,2.78701,-106.13481,0.47084,6.2105,20.39111,-41.82176,fbd6dd45-5805-49da-80ef-ebc731622655,d756dd38-b464-492d-9b3d-68381a8eed9b,71.2605,LiveBpPitching,22420025,,1000398580,"Mooney, Ryan",,,,Right,,,,,,,,,,,,,,,,
18,2025-02-15,10:02:50.02,"Smith, Jack",1000215850,Right,,,Curveball,Live,,72.6698,3.805586165,0.2929799003,2521.164485,49.0884268,7:45,6.04949,1.79361,5.05501,-68.67006,-13.37203,-15.33787,3.92079,0.79172,66.00957,-8.93022255,-2.569509265,0.5352124866,8.15116,-8.23739,-1.80964,50,6.35873,-0.07944,-105.30765,4.9497,9.02723,20.18197,-41.29678,8f75cb06-a7a8-4fb7-a721-bd8261628acd,d756dd38-b464-492d-9b3d-68381a8eed9b,70.42519,LiveBpPitching,22420025,,1000398580,"Mooney, Ryan",,,,Right,,,,,,,,,,,,,,,,
19,2025-02-15,10:03:07.13,"Smith, Jack",1000215850,Right,,,Fastball,Live,,87.2346,-2.321202517,-2.073698046,2161.901063,210.2702072,1:00,6.29721,1.14228,5.9816,-13.06027,23.72985,13.85381,3.05503,0.37407,79.04034,-4.785725406,0.5487546183,0.4365530212,-8.14167,13.57263,-0.98635,50,6.1068,4.15976,-126.76003,-5.54698,-13.13069,28.0355,-10.28444,8d7d9376-fd99-4bb9-85c7-b00639f2d05d,d756dd38-b464-492d-9b3d-68381a8eed9b,86.34103,LiveBpPitching,22420025,,1000398580,"Mooney, Ryan",,,,Right,,,,,,,,,,,,,,,,
20,2025-02-15,10:03:31.98,"Smith, Jack",1000215850,Right,,,ChangeUp,Live,,74.48663,2.564457771,-0.7304146201,1545.416162,251.5604085,2:30,6.16873,1.29995,5.62712,-46.65717,4.80584,14.55388,4.67497,1.83129,67.20891,-6.216611415,2.017263927,0.5163200563,-8.04381,1.7445,-1.24699,50,6.35761,0.97087,-108.15626,3.53654,-9.37536,21.68434,-30.14077,fd30f7bd-9cc8-4af2-98f5-8f9fa6272e40,d756dd38-b464-492d-9b3d-68381a8eed9b,73.00208,LiveBpPitching,22420025,11.37171665,1000398580,"Mooney, Ryan",,FlyBall,20.62044,Right,38.97221985,,,,,18.70218,,,0.49798,4.67655,-1.79673,,,,,
21,2025-02-15,10:04:09.42,"Smith, Jack",1000215850,Right,,,Fastball,Live,,85.19716,-2.004781864,-1.70028744,1943.036933,225.694662,1:30,6.28089,1.19165,5.96047,-23.65048,14.98538,15.36724,2.44972,0.89538,77.32145,-6.458548661,1.210633157,0.4473697809,-8.85585,8.74329,-1.06547,50,6.10884,3.20874,-123.83164,-5.05546,-13.60423,27.191,-18.74274,58caf193-a545-484f-80f9-1ca588d7e055,d756dd38-b464-492d-9b3d-68381a8eed9b,84.25343,LiveBpPitching,22420025,,1000196493,"Kang, Jordan",,,,Right,,,,,,,,,,,,,,,,
22,2025-02-15,10:04:32.53,"Smith, Jack",1000215850,Right,,,ChangeUp,Live,,76.38982,-1.268159811,-3.407283174,1578.133079,243.9885235,2:15,6.16895,1.1391,6.25382,-39.98638,7.78221,16.01064,1.66522,-0.67199,69.406,-8.831173783,-0.3556949863,0.4974422039,-9.87347,4.67488,-0.8942,50,6.05526,6.19498,-110.9527,-3.48694,-12.12746,22.56785,-26.43195,b3712c13-5144-4ac4-981c-1ee556615d96,d756dd38-b464-492d-9b3d-68381a8eed9b,75.7725,LiveBpPitching,22420025,,1000196493,"Kang, Jordan",,,,Right,,,,,,,,,,,,,,,,
23,2025-02-15,10:05:01.69,"Smith, Jack",1000215850,Right,,,Curveball,Live,,72.74145,2.574375428,0.04359184559,2369.508559,35.73428702,7:15,6.01104,1.89185,5.11848,-68.16207,-13.13988,-9.41114,2.75716,1.14865,66.21638,-10.07035131,-1.717119299,0.533875889,4.97204,-7.75699,-1.88887,50,6.20166,0.19888,-105.53421,2.72304,5.51881,20.60691,-40.78407,4680550a-bd4a-4e7d-87fd-06b26a32ee1f,d756dd38-b464-492d-9b3d-68381a8eed9b,70.6015,LiveBpPitching,22420025,,1000196493,"Kang, Jordan",,,,Right,,,,,,,,,,,,,,,,
24,2025-02-15,10:05:42.21,"Smith, Jack",1000215850,Right,,,Fastball,Live,,87.11056,-3.023916462,-2.520689627,2127.84491,207.9275279,1:00,6.31965,1.39503,5.87416,-16.63107,20.48879,10.85928,2.12023,-0.04239,79.01501,-6.149114633,-0.4698321821,0.4385050166,-6.63197,11.98772,-1.19769,50,6.06555,5.22352,-126.44358,-7.21113,-10.64148,27.91928,-12.93886,580211a4-f7b5-4d7a-8fc4-ca39c59cfcac,d756dd38-b464-492d-9b3d-68381a8eed9b,85.95669,LiveBpPitching,22420025,,1000196493,"Kang, Jordan",,,,Right,,,,,,,,,,,,,,,,
25,2025-02-15,10:06:00.18,"Smith, Jack",1000215850,Right,,,ChangeUp,Live,,75.61546,-3.305912422,-3.643014869,1659.127138,233.3474788,1:45,6.25018,1.36005,6.11041,,,,,,,,,,-8.42059,6.45979,-1.08758,50,5.97576,6.63215,-109.62087,-7.36924,-10.10325,21.90326,-24.42342,bf02e2aa-b0cd-4493-8d23-a207218f0237,d756dd38-b464-492d-9b3d-68381a8eed9b,,LiveBpPitching,22420025,,1000196493,"Kang, Jordan",,,,Right,,,,,,,,,,,,,,,,
26,2025-02-15,10:06:57.22,"Smith, Jack",1000215850,Right,,,Fastball,Live,,86.59564,-3.4789316,-2.545810182,2220.621475,210.9733548,1:00,6.20943,1.10733,6.35034,-16.45971,20.43734,12.25516,1.62888,-0.21597,78.64665,-6.594957115,-0.2113495043,0.4371869715,-7.50732,12.28844,-0.92866,50,5.94924,5.23938,-125.74049,-8.12358,-11.91329,27.59317,-12.67364,d15f118b-6584-46b4-9587-687eea4b09ff,d756dd38-b464-492d-9b3d-68381a8eed9b,86.21583,LiveBpPitching,22420025,,1000196493,"Kang, Jordan",,,,Right,,,,,,,,,,,,,,,,
27,2025-02-15,10:07:21.30,"Smith, Jack",1000215850,Right,,,Fastball,Live,,86.10681,-4.27640784,-2.216547292,2206.070103,215.1643403,1:15,6.17368,1.17407,6.35694,-18.78513,18.73032,13.16368,0.66272,0.2303,78.02002,-7.827978495,0.2977445672,0.440835431,-7.94629,11.66557,-1.01992,50,5.85495,4.46169,-124.90855,-9.8794,-12.38543,28.31583,-13.99159,18592d43-f014-438f-81be-5fe596743ab6,d756dd38-b464-492d-9b3d-68381a8eed9b,85.50229,LiveBpPitching,22420025,,1000237116,"Wilson, Liam",,,,Right,,,,,,,,,,,,,,,,
28,2025-02-15,10:07:38.97,"Smith, Jack",1000215850,Right,,,Fastball,Live,,86.27135,-3.616930018,-1.663655619,2103.648326,217.9232334,1:15,6.25402,1.32938,6.10427,-19.0761,18.5704,14.44982,1.31414,0.99482,78.15981,-7.211418381,1.083720861,0.4416047119,-8.4032,11.26807,-1.20929,50,5.96617,3.20576,-125.23504,-8.48942,-13.1727,28.34836,-14.51043,6c95e427-d7dd-49b7-bb3a-13440d9c2cd7,d756dd38-b464-492d-9b3d-68381a8eed9b,85.35334,LiveBpPitching,22420025,,1000237116,"Wilson, Liam",,,,Right,,,,,,,,,,,,,,,,
29,2025-02-15,10:08:02.65,"Smith, Jack",1000215850,Right,,,Curveball,Live,,71.33185,,,2471.121838,,,6.02577,1.92393,5.24326,,,,2.43739,-0.09995,64.94533,,,0.5440259783,5.6767,-8.35723,-1.81119,50,6.20445,2.38333,-103.47069,2.49783,6.03623,20.35058,-41.06057,b91c0f8d-b17b-4ac7-81b8-8a0f162040c9,d756dd38-b464-492d-9b3d-68381a8eed9b,69.28426,LiveBpPitching,22420025,,1000237116,"Wilson, Liam",,,,Right,,,,,,,,,,,,,,,,
30,2025-02-15,10:08:25.89,"Smith, Jack",1000215850,Right,,,Curveball,Live,,73.98406,1.635735018,-1.370559633,2503.938092,55.634029,7:45,5.98487,1.83006,5.26243,-63.36822,-10.72632,-15.63489,2.24153,-0.7605,67.84466,-10.09079262,-4.289441512,0.5222003468,7.84302,-6.18141,-1.69354,50,6.08886,3.03404,-107.43651,1.19002,9.06365,20.57221,-39.31748,db88ce97-a248-4f7b-bfc7-8fb3d510bf00,d756dd38-b464-492d-9b3d-68381a8eed9b,72.18003,LiveBpPitching,22420025,,1000237116,"Wilson, Liam",,,,Right,,,,,,,,,,,,,,,,
31,2025-02-15,10:08:46.33,"Smith, Jack",1000215850,Right,,,Curveball,Live,,73.80735,2.158630467,-0.5987350452,2538.352135,51.59006909,7:45,6.00942,1.934,5.31122,-63.85559,-11.05613,-13.88665,2.71502,0.21486,67.5206,-9.694381501,-3.197022097,0.5229813025,7.17097,-6.52811,-1.86997,50,6.15981,1.52776,-107.18183,2.1656,8.24813,20.46708,-39.68275,cf63e9f2-8af9-4897-a9eb-7181800bf0fa,d756dd38-b464-492d-9b3d-68381a8eed9b,72.07225,LiveBpPitching,22420025,-13.29242484,1000237116,"Wilson, Liam",,Popup,86.29339,Right,63.3925125,,,,213.74299,23.77641,5.843292088,6.266034951,1.85288,2.56518,-0.16048,,,,,
32,2025-02-15,10:09:19.30,"Smith, Jack",1000215850,Right,,,Fastball,Live,,86.88208,-0.8862919458,-2.770311763,1886.585848,222.901205,1:30,6.21665,1.28043,6.10543,-20.35728,16.30434,15.18536,3.69971,-0.01759,79.26959,-4.726603148,0.09937825168,0.4357899829,-9.04089,9.11624,-1.07585,50,6.13789,5.65255,-126.35671,-2.57596,-14.59201,26.15107,-17.46041,c9fd1b52-20be-4bcf-b63c-f6a88218c5fa,d756dd38-b464-492d-9b3d-68381a8eed9b,86.49221,LiveBpPitching,22420025,,1000238638,"Smith, Gavin",,,,Right,,,,,,,,,,,,,,,,
33,2025-02-15,10:09:38.75,"Smith, Jack",1000215850,Right,,,Fastball,Live,,87.28204,-3.677373042,-3.812632878,2151.268625,218.5214432,1:15,6.18498,1.2903,6.40408,-18.61365,17.51059,13.91804,1.2407,-1.06039,79.79159,-7.190776234,-1.17137055,0.4325843592,-8.73277,10.67131,-1.02387,50,5.91263,8.03853,-126.61894,-8.69024,-14.14991,26.3171,-14.88308,f199d273-7b6f-46ec-81c5-224b0f58521c,d756dd38-b464-492d-9b3d-68381a8eed9b,87.13315,LiveBpPitching,22420025,,1000238638,"Smith, Gavin",,,,Right,,,,,,,,,,,,,,,,
34,2025-02-15,10:09:56.50,"Smith, Jack",1000215850,Right,,,Curveball,Live,,73.00476,3.107442804,-0.2354954631,2394.938981,30.10463894,7:00,5.99827,1.91838,5.28687,-71.13272,-17.1294,-9.8921,2.99102,0.87293,66.87514,-10.08530492,-2.085264629,0.5289098335,5.16183,-10.01176,-1.88989,50,6.2304,0.72407,-105.95123,3.67673,5.8126,19.68439,-43.44803,f21b83ae-fdad-471f-af27-eca52ce50ac6,d756dd38-b464-492d-9b3d-68381a8eed9b,71.26439,LiveBpPitching,22420025,,1000238638,"Smith, Gavin",,,,Right,,,,,,,,,,,,,,,,
35,2025-02-15,10:10:11.16,"Smith, Jack",1000215850,Right,,,Curveball,Live,,73.36288,-0.3632683129,-2.576795044,2563.461151,44.23080257,7:30,5.98018,1.7611,5.6287,,,,,,,,,,7.56171,-8.56145,-1.53211,50,5.90582,5.2243,-106.49183,-2.58479,8.5005,21.87996,-41.79841,3b6997b9-9d12-4c93-ba41-ac4a2094ec9e,d756dd38-b464-492d-9b3d-68381a8eed9b,,LiveBpPitching,22420025,,1000238638,"Smith, Gavin",,,,Right,,,,,,,,,,,,,,,,
36,2025-02-15,10:10:31.28,"Smith, Jack",1000215850,Right,,,Fastball,Live,,86.88916,-2.469921777,-3.131495276,2198.622946,221.9232274,1:30,6.24546,1.24985,6.20956,-19.68621,16.96397,15.23713,2.32088,-0.37301,79.25315,-6.184454955,-0.2448907971,0.435722002,-9.22342,9.97625,-1.02286,50,6.05026,6.45306,-126.22978,-6.0382,-14.82874,26.55013,-16.13496,7d061dd8-7696-4f01-bb9d-acdfce009eab,d756dd38-b464-492d-9b3d-68381a8eed9b,86.50571,LiveBpPitching,22420025,,1000238638,"Smith, Gavin",,,,Right,,,,,,,,,,,,,,,,
37,2025-02-15,10:10:49.35,"Smith, Jack",1000215850,Right,,,Fastball,Live,,87.96692,-4.105563985,-4.868056048,2273.722896,207.5306799,1:00,6.33416,1.30621,6.1974,-12.75924,23.35722,12.16467,1.46117,-2.18418,79.89755,-6.514600578,-2.569029849,0.432537681,-8.08087,13.97122,-0.94602,50,6.01786,10.47673,-127.29535,-9.55283,-13.18261,27.54311,-9.3823,0d647af4-d3b7-4ef0-aa65-29be206841a6,d756dd38-b464-492d-9b3d-68381a8eed9b,87.14256,LiveBpPitching,22420025,,1000238638,"Smith, Gavin",,,,Right,,,,,,,,,,,,,,,,
38,2025-02-15,10:11:25.38,"Smith, Jack",1000215850,Right,,,Fastball,Live,,85.51521,-3.949477338,-3.771918248,2005.323461,209.5437593,1:00,6.27696,1.32921,6.17576,-15.72765,22.20798,12.57002,1.3057,-1.11128,78.20939,-6.904699561,-1.398545336,0.4432972787,-7.90204,13.20613,-1.05064,50,5.9698,7.80397,-123.99012,-9.04241,-12.29865,24.84142,-11.62017,309db6d5-8a9f-4ac3-b74e-8f26027a7127,d756dd38-b464-492d-9b3d-68381a8eed9b,85.02745,LiveBpPitching,22420025,,1000121033,"Levin, Peter",,,,Right,,,,,,,,,,,,,,,,
39,2025-02-15,10:11:42.55,"Smith, Jack",1000215850,Right,,,Curveball,Live,,71.74852,0.5294256094,-2.955689149,2514.568733,51.39340808,7:45,6.05998,2.08334,4.85373,-68.09886,-11.03437,-13.78563,0.88685,-1.8654,66.08092,-11.91023646,-5.506354457,0.5436938041,6.25179,-5.92438,-1.78055,50,6.05626,5.79068,-104.02478,-1.11045,6.75722,19.66556,-38.5774,56a79fb0-22cc-4acb-a571-f81ee03a49f4,d756dd38-b464-492d-9b3d-68381a8eed9b,69.32659,LiveBpPitching,22420025,,1000121033,"Levin, Peter",,,,Right,,,,,,,,,,,,,,,,
40,2025-02-15,10:12:04.20,"Smith, Jack",1000215850,Right,,,Fastball,Live,,84.80064,-2.061300104,-3.308022267,2016.531259,226.9142694,1:30,6.19648,1.24587,6.3796,-22.69106,15.51443,16.6015,2.40552,-0.41687,77.41727,-6.355617129,-0.1538309755,0.4448712268,-10.07308,9.11743,-1.01555,50,6.03737,6.6579,-123.24496,-5.07972,-15.44095,25.26484,-18.19801,c88c9976-b2cd-46d4-a605-d97d14252c35,d756dd38-b464-492d-9b3d-68381a8eed9b,84.72663,LiveBpPitching,22420025,-17.20758083,1000121033,"Levin, Peter",,GroundBall,93.65604,Right,-15.62269157,,,,10.54429,10.46454,0.06874009161,-12.14832432,1.68134,2.57265,0.41806,,,,,
41,2025-02-15,10:14:36.22,"Pauley, Truman",1000258644,Right,HAR_CRI,,Sweeper,Live,,80.49302,-1.633489113,-0.6228377357,2554.907806,114.4596169,9:45,5.60465,2.0598,6.29472,-37.86478,4.48814,-9.94773,0.9438,0.65697,74.15626,-8.745053285,-2.509675776,0.4683958879,5.26957,2.92303,-2.00927,50,5.46637,1.54415,-117.19177,-4.37052,7.31078,22.64419,-28.11877,7ead109e-2efc-4503-a172-e74ec63b5ba7,d756dd38-b464-492d-9b3d-68381a8eed9b,80.47133,LiveBpPitching,22420025,,1000302082,"Brancel, Dominic",,,,Right,,,,,,,,,,,,,,,,
42,2025-02-15,10:14:52.29,"Pauley, Truman",1000258644,Right,HAR_CRI,,Fastball,Live,,89.94309,-4.121810756,-3.243180982,2126.851203,205.9351231,12:45,5.63791,1.74796,7.09305,-13.35725,19.55941,9.4975,0.77228,-0.40652,82.70252,-6.66795369,-1.42274112,0.4129327017,-6.20965,12.10999,-1.55812,50,5.38768,7.16346,-130.67668,-9.77149,-10.78244,26.45753,-11.14623,2a69d23a-ebb7-48f9-b7a4-31bc01e5f40e,d756dd38-b464-492d-9b3d-68381a8eed9b,91.27986,LiveBpPitching,22420025,,1000302082,"Brancel, Dominic",,,,Right,,,,,,,,,,,,,,,,
43,2025-02-15,10:15:13.21,"Pauley, Truman",1000258644,Right,HAR_CRI,,Fastball,Live,,90.37712,-2.363087774,-3.194914958,2130.577036,206.2496799,12:45,5.6951,1.6023,7.24871,-13.94955,18.49439,9.12971,2.39029,-0.53021,82.59915,-5.046886486,-1.435113766,0.4099568938,-6.07791,11.15215,-1.42363,50,5.55657,7.11926,-131.53726,-5.7775,-10.63276,28.28745,-12.66435,11b87286-35be-4665-be71-579e480549db,d756dd38-b464-492d-9b3d-68381a8eed9b,91.94244,LiveBpPitching,22420025,,1000302082,"Brancel, Dominic",,,,Right,,,,,,,,,,,,,,,,
44,2025-02-15,10:15:31.68,"Pauley, Truman",1000258644,Right,HAR_CRI,,Sweeper,Live,,81.44444,0.7165816417,-0.8723103356,2604.69721,83.1561543,8:45,5.61026,1.92651,6.53063,-42.42402,-1.63684,-13.37645,2.73228,0.01167,75.21471,-7.299535464,-3.412529941,0.4596563597,7.14272,-1.0971,-1.86024,50,5.64131,2.15881,-118.68876,0.36931,10.21378,22.19442,-33.74286,637fe324-3402-4c8e-8d9e-077fc074de38,d756dd38-b464-492d-9b3d-68381a8eed9b,82.00134,LiveBpPitching,22420025,,1000302082,"Brancel, Dominic",,,,Right,,,,,,,,,,,,,,,,
45,2025-02-15,10:15:49.36,"Pauley, Truman",1000258644,Right,HAR_CRI,,Slider,Live,,83.63909,-2.297919844,-1.994826161,2139.187963,48.42880783,7:30,5.71365,1.7514,6.7254,-42.79398,-4.194,-4.684,0.04526,-0.46254,77.50191,-10.35630239,-2.888888108,0.447162075,2.04224,-1.68385,-1.61811,50,5.54512,4.36122,-121.74977,-5.99061,3.06127,24.20189,-34.69809,8cbb6871-b08d-4866-b3cd-7099575a6091,d756dd38-b464-492d-9b3d-68381a8eed9b,84.29257,LiveBpPitching,22420025,,1000302082,"Brancel, Dominic",,,,Right,,,,,,,,,,,,,,,,
46,2025-02-15,10:16:09.48,"Pauley, Truman",1000258644,Right,HAR_CRI,,Fastball,Live,,90.70318,-2.99337771,-2.38827571,2085.93237,211.1024663,1:00,5.70405,1.64008,7.32269,-13.86472,18.3327,11.05624,1.83971,0.40269,82.72888,-5.66511265,-0.248546023,0.4083964011,-6.98629,11.30304,-1.5108,50,5.53384,5.24156,-132.02972,-7.24247,-12.27295,29.3648,-12.31778,f2663687-ede8-413b-9806-59be6583f693,d756dd38-b464-492d-9b3d-68381a8eed9b,92.29376,LiveBpPitching,22420025,22.4351813,1000302082,"Brancel, Dominic",,Popup,69.09258,Right,70.51066945,,,,132.1732,11.45679,5.007323463,40.35614615,2.12666,1.71808,-0.29723,,,,,
47,2025-02-15,10:16:36.86,"Pauley, Truman",1000258644,Right,HAR_CRI,,Fastball,Live,,91.41176,-2.917821146,-2.685203862,2084.72664,197.5182081,12:30,5.71084,1.54461,7.38701,-12.73128,19.04658,6.01466,2.01213,-0.37867,82.9472,-5.380630328,-1.517624088,0.4057268455,-4.25942,11.77142,-1.40033,50,5.54856,6.09662,-133.02089,-7.08819,-7.55451,31.23374,-11.29628,6fd838a1-9a76-4f5b-9270-108c07d20aab,d756dd38-b464-492d-9b3d-68381a8eed9b,92.90102,LiveBpPitching,22420025,,1000302082,"Brancel, Dominic",,,,Right,,,,,,,,,,,,,,,,
48,2025-02-15,10:17:09.20,"Pauley, Truman",1000258644,Right,HAR_CRI,,Fastball,Live,,91.32378,-3.379441872,-2.195102338,2046.633244,204.2161994,12:45,5.72711,1.71626,7.06243,-11.51494,20.61698,9.26594,1.69347,0.49448,83.17002,-5.58803741,-0.4096687036,0.4079807893,-5.86701,12.61311,-1.58763,50,5.52021,4.85245,-132.83833,-8.14737,-10.4253,29.92934,-9.76139,002ecd7e-3192-4a87-8372-43ef57502cbc,d756dd38-b464-492d-9b3d-68381a8eed9b,92.38778,LiveBpPitching,22420025,,1000121028,"Giberti, Matthew",,,,Left,,,,,,,,,,,,,,,,
49,2025-02-15,10:17:25.49,"Pauley, Truman",1000258644,Right,HAR_CRI,,ChangeUp,Live,,85.15069,-2.117625828,-3.015012038,1568.252056,250.7708799,2:15,5.50766,2.00939,6.78498,-31.88446,5.13901,14.74974,0.91419,0.48403,78.66292,-8.15370548,-0.2016202796,0.4379353021,-9.01237,3.42476,-1.81951,50,5.35778,6.14379,-123.91811,-5.4164,-14.07152,23.80333,-26.82678,78936726-ff66-41e6-87b8-3d49b9835e1d,d756dd38-b464-492d-9b3d-68381a8eed9b,86.06851,LiveBpPitching,22420025,,1000121028,"Giberti, Matthew",,,,Left,,,,,,,,,,,,,,,,
50,2025-02-15,10:17:50.57,"Pauley, Truman",1000258644,Right,HAR_CRI,,Fastball,Live,,91.88669,0.4836447671,-1.835312006,2099.578489,198.4031915,12:30,5.76795,1.548,7.01597,-11.61467,20.19232,6.73098,5.2398,0.44055,83.11914,-1.757990807,-0.5363270067,0.4059127565,-4.35511,11.22225,-1.43869,50,5.79342,4.1131,-133.87208,0.82594,-7.82288,31.65172,-12.01603,190e699d-9313-48bb-9cc6-7e7ee09bf542,d756dd38-b464-492d-9b3d-68381a8eed9b,92.85847,LiveBpPitching,22420025,,1000121028,"Giberti, Matthew",,,,Left,,,,,,,,,,,,,,,,
51,2025-02-15,10:18:07.47,"Pauley, Truman",1000258644,Right,HAR_CRI,,Slider,Live,,84.01545,-1.787940501,-2.034050526,2036.820493,346.2866224,5:30,5.61911,1.85001,6.72599,-45.5642,-7.20444,1.75095,0.18674,0.13646,77.54649,-10.39855665,-1.698958108,0.4457684236,-1.5702,-3.48582,-1.71672,50,5.4832,4.2987,-122.30767,-4.99541,-2.36631,25.27626,-37.42723,2931854f-4ad0-48cd-9275-4168609c6280,d756dd38-b464-492d-9b3d-68381a8eed9b,84.5561,LiveBpPitching,22420025,,1000121028,"Giberti, Matthew",,,,Left,,,,,,,,,,,,,,,,
52,2025-02-15,10:18:43.81,"Pauley, Truman",1000258644,Right,HAR_CRI,,Fastball,Live,,91.20842,-0.8480521091,-2.144817692,2102.46502,201.6821942,12:45,5.60908,1.6898,7.33193,-11.95625,19.78641,7.88029,3.84616,0.40836,83.02393,-3.161243463,-0.6193785548,0.4055020338,-5.11096,11.50713,-1.57345,50,5.55875,4.78967,-132.95564,-2.25732,-9.10382,29.80978,-11.67717,1acb9e6a-d129-4671-8ac6-6c9c3361b854,d756dd38-b464-492d-9b3d-68381a8eed9b,92.95253,LiveBpPitching,22420025,,10011450,"Rickheim, Jack",,,,Left,,,,,,,,,,,,,,,,
53,2025-02-15,10:19:01.78,"Pauley, Truman",1000258644,Right,HAR_CRI,,Fastball,Live,,91.59763,-4.162951044,-3.938872238,2181.931008,194.1710639,12:30,5.65341,1.63534,7.27685,-5.85874,25.9448,6.54772,1.3856,-1.38605,83.35144,-5.292842028,-2.676253777,0.4058906796,-4.86821,15.95154,-1.41543,50,5.41662,8.99436,-132.95292,-9.84317,-8.67281,29.75545,-3.7561,32c758d6-5c8b-4448-a037-0954229483da,d756dd38-b464-492d-9b3d-68381a8eed9b,92.86352,LiveBpPitching,22420025,,10011450,"Rickheim, Jack",,,,Left,,,,,,,,,,,,,,,,
54,2025-02-15,10:19:25.83,"Pauley, Truman",1000258644,Right,HAR_CRI,,Fastball,Live,,90.11856,-1.742556357,-1.671749454,2045.861448,194.9616205,12:30,5.60083,1.66244,7.16158,-10.5053,22.15533,5.92626,3.14515,0.64095,82.27138,-3.763940389,-0.5294762404,0.4113236802,-3.82352,13.01515,-1.56691,50,5.49594,3.68528,-131.33818,-4.2596,-6.66511,28.34079,-9.48622,fe4ad514-cf28-414b-a070-9869c205d7e3,d756dd38-b464-492d-9b3d-68381a8eed9b,91.63693,LiveBpPitching,22420025,,10011450,"Rickheim, Jack",,,,Left,,,,,,,,,,,,,,,,
55,2025-02-15,10:19:46.84,"Pauley, Truman",1000258644,Right,HAR_CRI,,Fastball,Live,,89.86878,-2.918736576,-1.916512086,2081.506351,196.9627979,12:30,5.67936,1.63958,7.26892,-11.46636,21.37909,6.52121,2.08063,0.44925,81.92029,-5.127208682,-0.6555512867,0.412485784,-4.2617,12.99015,-1.53345,50,5.51119,4.22133,-130.85245,-6.95182,-7.35341,28.85365,-9.76003,8ba184f4-48df-43d2-8fb4-b496f1a1da38,d756dd38-b464-492d-9b3d-68381a8eed9b,91.37876,LiveBpPitching,22420025,,10011450,"Rickheim, Jack",,,,Left,,,,,,,,,,,,,,,,
56,2025-02-15,10:20:32.54,"Pauley, Truman",1000258644,Right,HAR_CRI,,Fastball,Live,,89.97751,-3.13414136,-1.900505551,2072.48046,206.8768195,1:00,5.59105,1.76226,7.28826,-12.62652,20.06731,10.16536,1.70128,0.89073,82.21554,-5.562723014,0.06421612582,0.4115326384,-6.31597,12.29269,-1.65871,50,5.41145,4.10247,-131.00309,-7.48082,-10.94569,28.38724,-10.87056,3e976163-bfc9-429b-81ba-2292cf6400f4,d756dd38-b464-492d-9b3d-68381a8eed9b,91.5904,LiveBpPitching,22420025,,10011450,"Rickheim, Jack",,,,Left,,,,,,,,,,,,,,,,
57,2025-02-15,10:20:56.70,"Pauley, Truman",1000258644,Right,HAR_CRI,,Fastball,Live,,91.33184,-1.847973174,-2.005448158,2018.575143,206.020736,12:45,5.61102,1.6713,7.24713,-12.86237,19.12872,9.34701,2.8657,0.63517,82.64309,-4.337833587,-0.1921346573,0.4070857678,-5.93964,11.44842,-1.56023,50,5.5022,4.42896,-133.02679,-4.60993,-10.51349,31.7862,-11.90974,abf55551-3feb-4953-bef1-6204b7cc8a80,d756dd38-b464-492d-9b3d-68381a8eed9b,92.5909,LiveBpPitching,22420025,,10011450,"Rickheim, Jack",,,,Left,,,,,,,,,,,,,,,,
58,2025-02-15,10:21:27.25,"Pauley, Truman",1000258644,Right,HAR_CRI,,Fastball,Live,,90.98619,-3.393305889,-2.288183993,2113.309417,209.2338097,1:00,5.55089,1.70535,7.3196,-14.07732,17.9272,10.02512,1.30614,0.47248,83.07312,-6.101902172,-0.3486544422,0.4071712143,-6.365,11.18085,-1.58121,50,5.35818,5.04915,-132.40271,-8.19581,-11.25173,29.36889,-12.40911,f078138b-c28d-44ef-bcad-111f20375e94,d756dd38-b464-492d-9b3d-68381a8eed9b,92.57147,LiveBpPitching,22420025,,10011450,"Rickheim, Jack",,,,Left,,,,,,,,,,,,,,,,
59,2025-02-15,10:23:39.07,"Smith, Jack",1000215850,Right,,,Fastball,Live,,84.03159,-1.719860425,-3.181218536,2036.496488,225.0669386,1:30,6.27482,1.34522,6.64561,-22.93056,15.52378,15.58321,2.78704,-0.27059,76.7778,-6.081614494,-0.206854272,0.4463176234,-9.55325,9.1025,-1.1375,50,6.14947,6.38349,-122.2243,-4.27851,-14.41151,24.70887,-18.44252,ca31218a-113b-4c5c-9d7c-293cc3d1e1af,d756dd38-b464-492d-9b3d-68381a8eed9b,84.45205,LiveBpPitching,22420025,,1000398580,"Mooney, Ryan",,,,Right,,,,,,,,,,,,,,,,
60,2025-02-15,10:24:01.88,"Smith, Jack",1000215850,Right,,,Fastball,Live,,85.18556,-2.694924214,-3.612843703,2044.488236,221.6531328,1:30,6.27666,1.29823,6.63449,-20.64369,17.02456,15.14472,2.08273,-0.75124,77.50813,-6.624518545,-0.7179982451,0.4417322405,-9.48625,10.25595,-1.06051,50,6.08587,7.40976,-123.73206,-6.38452,-14.59979,26.35499,-16.38965,8ef7f0b6-a00b-421c-8675-093af9e9d7e8,d756dd38-b464-492d-9b3d-68381a8eed9b,85.3287,LiveBpPitching,22420025,,1000398580,"Mooney, Ryan",,,,Right,,,,,,,,,,,,,,,,
61,2025-02-15,10:24:18.65,"Smith, Jack",1000215850,Right,,,Curveball,Live,,72.05426,1.716225998,-2.551635574,2443.203211,30.02025131,7:00,6.07714,1.71796,5.23687,-70.16723,-14.57928,-8.40849,1.84483,-1.38229,66.31771,-11.2281203,-4.118687729,0.5366136463,3.65596,-8.23074,-1.47737,50,6.184,4.90336,-104.55929,1.10164,4.00564,19.32402,-41.19205,9a819500-5634-463b-8921-5f6967334692,d756dd38-b464-492d-9b3d-68381a8eed9b,70.2413,LiveBpPitching,22420025,,1000398580,"Mooney, Ryan",,,,Right,,,,,,,,,,,,,,,,
62,2025-02-15,10:24:46.73,"Smith, Jack",1000215850,Right,,,Curveball,Live,,72.10254,3.322928019,-0.4989562258,2512.281019,31.76943782,7:00,5.98633,1.76759,6.09352,-69.69556,-15.89351,-9.80181,3.25506,0.48932,65.91157,-9.813657848,-2.360512089,0.5279232764,5.18449,-9.70146,-1.72409,50,6.20554,1.15773,-104.74367,4.33578,5.6901,19.68782,-42.82164,043b901f-abe8-4cf6-875f-a58ff1d97dfb,d756dd38-b464-492d-9b3d-68381a8eed9b,71.39757,LiveBpPitching,22420025,,1000196493,"Kang, Jordan",,,,Right,,,,,,,,,,,,,,,,
63,2025-02-15,10:25:04.16,"Smith, Jack",1000215850,Right,,,Curveball,Live,,71.29694,2.085172448,-0.4785770046,2471.783876,27.79039433,7:00,6.03556,1.88094,6.19727,-71.11723,-16.42648,-8.62911,2.03469,0.72011,65.55556,-11.29895886,-2.120727246,0.53226551,4.56944,-9.63733,-1.84068,50,6.15646,1.07595,-103.69804,2.04691,4.91516,19.30595,-42.54053,99f0cff2-83ee-484a-89d7-ecee4a8d55f8,d756dd38-b464-492d-9b3d-68381a8eed9b,70.81511,LiveBpPitching,22420025,,1000196493,"Kang, Jordan",,,,Right,,,,,,,,,,,,,,,,
64,2025-02-15,10:25:21.93,"Smith, Jack",1000215850,Right,,,Fastball,Live,,87.83022,-1.335021229,-2.179959413,2124.652717,220.8243002,1:15,6.27572,1.11635,6.46475,-18.08285,17.39893,15.05208,3.5417,0.36777,79.90086,-4.774037877,0.6900808033,0.4287203749,-8.94311,9.98796,-0.96954,50,6.17353,4.43608,-127.81501,-3.49659,-14.70694,27.79565,-15.74887,b69610c3-b33a-475b-bca6-ed35289c9c59,d756dd38-b464-492d-9b3d-68381a8eed9b,87.91847,LiveBpPitching,22420025,,1000196493,"Kang, Jordan",,,,Right,,,,,,,,,,,,,,,,
65,2025-02-15,10:25:42.76,"Smith, Jack",1000215850,Right,,,Fastball,Live,,87.0834,-1.675656555,-2.578198025,2207.23084,213.2182938,1:00,6.32424,1.06551,6.53715,-15.86433,20.22634,13.26101,3.4635,-0.19542,79.02234,-4.700496379,-0.04445149929,0.432383239,-8.11229,11.69324,-0.89287,50,6.20136,5.33535,-126.67119,-4.15019,-13.07459,27.81991,-13.32803,d893309d-0062-42ff-bce5-4e7f91182c35,d756dd38-b464-492d-9b3d-68381a8eed9b,87.17368,LiveBpPitching,22420025,,1000196493,"Kang, Jordan",,,,Right,,,,,,,,,,,,,,,,
66,2025-02-15,10:25:59.60,"Smith, Jack",1000215850,Right,,,ChangeUp,Live,,76.30996,-0.01854218734,-2.773225695,1586.975045,230.6931128,1:45,6.17802,1.22322,6.43857,-34.59642,12.48381,15.3141,3.27793,-0.05064,69.60166,-6.586256323,0.1447124543,0.493845059,-9.25764,6.88297,-1.0335,50,6.161,4.99657,-111.02387,-0.89761,-11.48378,21.02233,-23.63596,723009e5-5cc9-4ca7-b18d-264e8cabaf99,d756dd38-b464-492d-9b3d-68381a8eed9b,76.32442,LiveBpPitching,22420025,-19.13590568,1000196493,"Kang, Jordan",,LineDrive,92.6575,Right,10.19924037,,,,142.492,99.9402,1.200846876,-21.76571883,2.45949,3.41102,0.0771,,,,,
67,2025-02-15,10:26:30.21,"Smith, Jack",1000215850,Right,,,Fastball,Live,,86.17432,-1.080556789,-2.660887616,2153.666426,211.8413658,1:00,6.25492,1.08346,6.49504,-17.7767,19.11027,11.89133,3.78059,-0.36956,78.22093,-4.468081836,-0.3915096554,0.4371273052,-7.36473,10.87729,-0.90265,50,6.17147,5.49628,-125.36676,-2.86063,-11.63269,27.1261,-14.99324,503726be-7eba-4cb0-9d7c-cab6f2310f3f,d756dd38-b464-492d-9b3d-68381a8eed9b,86.2276,LiveBpPitching,22420025,,1000196494,"King, Justin",,,,Right,,,,,,,,,,,,,,,,
68,2025-02-15,10:26:44.73,"Smith, Jack",1000215850,Right,,,Fastball,Live,,85.40016,-2.412202742,-3.916595901,2125.068365,211.5656644,1:00,6.24046,1.10708,6.63919,-17.17654,20.16062,12.40145,2.59472,-1.44992,77.89431,-5.680403977,-1.552796401,0.439786662,-7.99958,11.87184,-0.84798,50,6.07038,8.16225,-124.05978,-5.69735,-12.43136,25.48522,-13.72521,5fe02ca9-6f56-42df-8d9a-3e54a99389f1,d756dd38-b464-492d-9b3d-68381a8eed9b,85.70619,LiveBpPitching,22420025,,1000196494,"King, Justin",,,,Right,,,,,,,,,,,,,,,,
69,2025-02-15,10:27:01.41,"Smith, Jack",1000215850,Right,,,Fastball,Live,,84.88508,-1.558504221,-2.667457107,2089.963334,217.7677943,1:15,6.21485,1.20598,6.84315,-19.89011,17.69675,13.7317,3.1345,-0.0835,77.0138,-5.372423599,-0.02686341998,0.4412547432,-8.50222,10.38088,-1.04078,50,6.10788,5.4082,-123.52415,-3.8667,-13.00643,26.87748,-16.29371,43ec5050-d323-41fa-be16-30e95294a34e,d756dd38-b464-492d-9b3d-68381a8eed9b,85.42104,LiveBpPitching,22420025,,1000196494,"King, Justin",,,,Right,,,,,,,,,,,,,,,,
70,2025-02-15,10:27:27.73,"Smith, Jack",1000215850,Right,,,Fastball,Live,,86.45532,-1.530292287,-2.836742781,2141.270768,217.3097852,1:15,6.20635,1.14004,6.6859,-17.29038,19.10661,14.58161,3.36401,-0.24111,78.50947,-4.835134504,-0.04415155738,0.4342143407,-8.95995,11.08426,-0.95699,50,6.09739,5.8428,-125.77488,-3.82602,-14.24356,27.32096,-14.5535,6b3e95d6-909e-4f5c-83f4-19b5d91e1355,d756dd38-b464-492d-9b3d-68381a8eed9b,86.80607,LiveBpPitching,22420025,,1000196494,"King, Justin",,,,Right,,,,,,,,,,,,,,,,
71,2025-02-15,10:27:44.51,"Smith, Jack",1000215850,Right,,,Fastball,Live,,86.15068,-0.5612783973,-2.069690074,2179.43122,213.5744473,1:00,6.2247,1.27294,6.64033,-15.72095,20.93099,13.9185,4.40054,0.53764,78.18331,-3.567438885,0.5948022721,0.4357324251,-8.34678,11.78762,-1.13924,50,6.18039,4.15841,-125.43359,-1.6527,-13.1988,27.13899,-13.53423,20824b0b-0982-4bbf-98cc-3e163587442f,d756dd38-b464-492d-9b3d-68381a8eed9b,86.50364,LiveBpPitching,22420025,,1000196494,"King, Justin",,,,Right,,,,,,,,,,,,,,,,
72,2025-02-15,10:28:04.50,"Smith, Jack",1000215850,Right,,,Fastball,Live,,86.65278,-4.278519263,-2.466766161,2120.35312,207.3782488,1:00,6.22952,1.16425,6.87851,-13.55457,22.31801,11.53256,1.19083,-0.12362,79.37478,-6.855328278,-0.2579887958,0.4310748623,-7.13463,13.67164,-1.01254,50,5.95343,5.1265,-125.88481,-9.7752,-11.44645,25.60164,-10.23995,b52e54f3-a455-4558-a411-8803269508e1,d756dd38-b464-492d-9b3d-68381a8eed9b,87.43827,LiveBpPitching,22420025,,1000196494,"King, Justin",,,,Right,,,,,,,,,,,,,,,,
73,2025-02-15,10:28:20.59,"Smith, Jack",1000215850,Right,,,Fastball,Live,,86.61799,-4.627375655,-3.992770439,2071.232415,211.3890724,1:00,6.26286,1.12568,6.91837,-14.7065,21.21125,12.90497,0.80497,-1.43993,79.47561,-7.422023033,-1.526330521,0.4313461598,-8.31029,13.13518,-0.88045,50,5.96705,8.43889,-125.60828,-10.56579,-13.30295,24.97223,-11.1475,f5660a7d-9bd9-432c-8f98-1d2a24dc4f5e,d756dd38-b464-492d-9b3d-68381a8eed9b,87.38327,LiveBpPitching,22420025,,1000196494,"King, Justin",,,,Right,,,,,,,,,,,,,,,,
74,2025-02-15,10:28:50.60,"Smith, Jack",1000215850,Right,,,Fastball,Live,,85.76187,-3.523901897,-2.440958387,2073.553666,213.6245044,1:00,6.2792,1.28592,6.73263,-17.00577,19.84103,13.17905,1.63537,0.15259,78.41761,-6.754530575,0.07967895558,0.4368892217,-8.02998,12.04757,-1.13059,50,6.04033,4.96744,-124.65879,-8.13085,-12.60233,25.67747,-13.26648,99b4a969-abc8-472b-90e2-3653405f62e1,d756dd38-b464-492d-9b3d-68381a8eed9b,86.27459,LiveBpPitching,22420025,,1000238638,"Smith, Gavin",,,,Right,,,,,,,,,,,,,,,,
75,2025-02-15,10:29:24.43,"Smith, Jack",1000215850,Right,,,Curveball,Live,,73.40862,2.599798826,-1.623892909,2479.560682,31.63155367,7:00,6.01505,1.80627,6.05673,-66.42131,-14.72746,-9.04651,2.88859,-0.45087,67.53776,-9.862819274,-3.334067831,0.5174767272,4.43368,-8.77631,-1.6755,50,6.18127,3.25854,-106.7035,3.13249,5.07797,19.49018,-42.2257,e339344d-a25f-4be7-b268-6370d0b2f40f,d756dd38-b464-492d-9b3d-68381a8eed9b,72.83891,LiveBpPitching,22420025,,1000238638,"Smith, Gavin",,,,Right,,,,,,,,,,,,,,,,
76,2025-02-15,10:29:41.87,"Smith, Jack",1000215850,Right,,,Fastball,Live,,86.80334,-0.9092092525,-2.678276343,2158.368494,207.1766153,1:00,6.40681,1.19405,6.5911,-14.5961,21.70395,11.1652,4.35652,-0.33098,78.53604,-3.701422966,-0.5410722079,0.4336357057,-7.01542,12.31466,-1.01597,50,6.33857,5.60243,-126.28761,-2.40531,-11.2139,28.17035,-12.4895,6364619e-dc5b-43e7-9c67-56c7e097a4e9,d756dd38-b464-492d-9b3d-68381a8eed9b,86.9219,LiveBpPitching,22420025,,1000238638,"Smith, Gavin",,,,Right,,,,,,,,,,,,,,,,
77,2025-02-15,10:32:41.07,"Pauley, Truman",1000258644,Right,HAR_CRI,,Fastball,Live,,89.81656,-1.838073224,-1.938812448,2101.260367,199.5026535,12:45,5.67314,1.66524,7.83416,-12.55086,19.66077,6.97051,2.98167,0.51129,81.59299,-4.290308637,-0.5739613128,0.4084865754,-4.63486,11.96808,-1.57647,50,5.585,4.29252,-130.97847,-4.46013,-7.97832,30.01173,-11.57255,51da046b-baca-418f-9d97-5baa9c57dddc,d756dd38-b464-492d-9b3d-68381a8eed9b,92.27338,LiveBpPitching,22420025,,1000316933,"Shulman, Tyler",,,,Left,,,,,,,,,,,,,,,,
78,2025-02-15,10:33:02.04,"Pauley, Truman",1000258644,Right,HAR_CRI,,Sweeper,Live,,79.09933,1.060841162,0.1058136085,2524.029069,73.38240712,8:30,5.53376,2.0961,7.0964,-46.09738,-3.42556,-11.35546,2.65495,1.24582,72.40901,-7.789711826,-2.086698632,0.4701559997,6.44238,-2.25355,-2.09868,50,5.58172,0.03891,-115.31368,1.11282,8.60447,23.06074,-35.1839,1228d5da-ed3b-4803-8aec-e019bbda226c,d756dd38-b464-492d-9b3d-68381a8eed9b,80.17007,LiveBpPitching,22420025,,1000316933,"Shulman, Tyler",,,,Left,,,,,,,,,,,,,,,,
79,2025-02-15,10:33:20.20,"Pauley, Truman",1000258644,Right,HAR_CRI,,Slider,Live,,82.43272,1.341223549,-1.924546178,2058.909256,47.17503266,7:30,5.63368,1.88945,7.40032,-43.82236,-4.90948,-5.2681,3.19253,-0.28618,75.28769,-7.129299399,-2.946665109,0.4489708044,2.4203,-3.21355,-1.7839,50,5.69428,4.14928,-120.14814,1.88277,3.50433,25.33937,-36.82692,2bdf7e29-7709-4027-bc5b-4e261fca0383,d756dd38-b464-492d-9b3d-68381a8eed9b,83.95298,LiveBpPitching,22420025,,1000316933,"Shulman, Tyler",,,,Left,,,,,,,,,,,,,,,,
80,2025-02-15,10:33:38.37,"Pauley, Truman",1000258644,Right,HAR_CRI,,Slider,Live,,83.03639,-1.369517816,-0.8935891941,2011.693542,84.40555065,8:45,5.62112,1.8619,7.35008,-38.59458,-0.48434,-4.60183,1.168,0.67154,76.6981,-8.761181816,-1.783110007,0.4443162982,2.36708,0.10932,-1.81149,50,5.53488,1.98985,-121.11755,-3.7408,3.51248,23.88599,-32.01183,7a0737df-1641-4743-b717-8fdc014d8bfb,d756dd38-b464-492d-9b3d-68381a8eed9b,84.83245,LiveBpPitching,22420025,,1000316933,"Shulman, Tyler",,,,Left,,,,,,,,,,,,,,,,
81,2025-02-15,10:34:08.64,"Pauley, Truman",1000258644,Right,HAR_CRI,,Slider,Live,,83.35496,-0.3553761868,-1.801341721,2068.39474,46.40155014,7:30,5.65574,1.58734,7.61146,-41.25361,-3.6133,-3.76259,1.89853,-0.34494,76.51904,-8.330187328,-2.533766911,0.4415684311,1.62497,-1.97216,-1.49563,50,5.62793,3.90006,-121.58718,-1.5898,2.4145,25.49062,-35.10442,921abec3-9fa4-4110-af72-3386867312fa,d756dd38-b464-492d-9b3d-68381a8eed9b,85.36036,LiveBpPitching,22420025,,1000060010,"Cooper, George",,,,Right,,,,,,,,,,,,,,,,
82,2025-02-15,10:34:51.10,"Pauley, Truman",1000258644,Right,HAR_CRI,,Fastball,Live,,90.36884,-1.191786398,-3.412748192,2013.593285,189.348177,12:15,5.72569,1.67321,8.09128,-11.80954,19.86499,3.27896,3.67889,-1.09434,81.7179,-3.515539811,-2.767704903,0.4050666398,-3.00989,12.02923,-1.5302,50,5.67352,7.79315,-131.7012,-2.96352,-5.21354,31.57368,-11.33777,dcaac933-74ca-4beb-b690-cdce7e270541,d756dd38-b464-492d-9b3d-68381a8eed9b,93.05244,LiveBpPitching,22420025,,1000060010,"Cooper, George",,,,Right,,,,,,,,,,,,,,,,
83,2025-02-15,10:35:09.66,"Pauley, Truman",1000258644,Right,HAR_CRI,,Slider,Live,,83.16553,1.489664747,-0.9951525323,2022.553538,79.62322856,8:45,5.67716,1.70192,7.63534,-38.46317,-0.80151,-4.21518,3.80999,0.45701,76.15785,-5.974175094,-1.815382386,0.4416936151,2.13705,-0.89267,-1.65119,50,5.74252,2.19244,-121.33636,2.38231,3.17309,24.63403,-33.49949,325f1472-f0ea-433b-b001-85138b087fc2,d756dd38-b464-492d-9b3d-68381a8eed9b,85.33616,LiveBpPitching,22420025,,1000060010,"Cooper, George",,,,Right,,,,,,,,,,,,,,,,
84,2025-02-15,10:35:30.66,"Pauley, Truman",1000258644,Right,HAR_CRI,,Fastball,Live,,90.14408,-3.582704514,-2.009522446,2169.334178,210.0616472,1:00,5.70874,1.6405,8.15743,-12.71578,18.9337,10.94524,1.45866,0.76581,82.05128,-6.072771083,0.1467559586,0.4049064747,-7.039,12.2105,-1.56012,50,5.56002,4.41024,-131.33529,-8.45814,-12.18432,30.14421,-11.038,5969459a-ff16-45c1-80e2-d0fd34a65042,d756dd38-b464-492d-9b3d-68381a8eed9b,93.08925,LiveBpPitching,22420025,,1000060010,"Cooper, George",,,,Right,,,,,,,,,,,,,,,,
85,2025-02-15,10:35:58.28,"Pauley, Truman",1000258644,Right,HAR_CRI,,Fastball,Live,,89.49835,-2.558589586,-2.360672651,2115.405489,186.2892365,12:15,5.70669,1.58361,8.02553,-11.28873,21.43554,2.36461,2.48254,-0.32414,80.08974,-4.786663448,-1.892539341,0.411724193,-2.22494,13.48148,-1.48207,50,5.59409,5.33078,-130.37705,-6.04093,-3.7297,34.07782,-9.57485,6b1174ef-56c3-4844-b732-2d3254ab0358,d756dd38-b464-492d-9b3d-68381a8eed9b,91.54779,LiveBpPitching,22420025,36.38023986,1000060010,"Cooper, George",,FlyBall,91.96082,Right,26.80557723,,,,318.56391,75.2243,4.807029856,27.79082175,1.34602,2.57595,0.26872,,,,,
86,2025-02-15,10:36:30.79,"Pauley, Truman",1000258644,Right,HAR_CRI,,Slider,Live,,82.98773,-0.5112232044,-1.114940777,2162.70433,11.5062676,6:30,5.68246,1.74145,7.6276,-41.46011,-3.79975,-0.76719,1.76825,0.67612,76.75048,-8.499725479,-1.26389952,0.4416859772,0.13311,-2.04225,-1.68539,50,5.64693,2.37294,-121.13131,-1.91865,0.19791,23.50882,-35.21045,6c36e518-8aa1-40cc-a524-1446c1ebf290,d756dd38-b464-492d-9b3d-68381a8eed9b,85.33764,LiveBpPitching,22420025,,1000060010,"Cooper, George",,,,Right,,,,,,,,,,,,,,,,
87,2025-02-15,10:37:03.83,"Pauley, Truman",1000258644,Right,HAR_CRI,,Fastball,Live,,91.32198,-2.948934128,-1.921077875,2140.981587,199.3550378,12:45,5.64947,1.59365,8.0789,-9.53835,21.19271,7.44325,2.22575,0.50319,83.4627,-4.813273848,-0.4612973624,0.3989882946,-4.90279,13.23876,-1.51377,50,5.5231,4.32487,-133.15384,-7.04427,-8.77718,29.34928,-8.47347,aeee6413-1b09-4516-b727-07599c07d1aa,d756dd38-b464-492d-9b3d-68381a8eed9b,94.47004,LiveBpPitching,22420025,42.03697291,1000060010,"Cooper, George",,Popup,62.22438,Right,66.96935316,,,,110.98249,14.68654,4.668960763,57.61180915,2.20966,2.01984,-0.51947,,,,,
88,2025-02-15,10:37:31.41,"Pauley, Truman",1000258644,Right,HAR_CRI,,Sweeper,Live,,80.69684,0.04043632598,-0.346672966,2468.07068,89.96815256,9:00,5.55726,1.87164,7.5146,-40.90286,-0.03891,-8.75184,2.18508,0.83031,72.88647,-7.92679437,-2.062517189,0.4600887214,4.9141,-0.03644,-1.85138,50,5.54907,0.88619,-117.6636,-0.73132,6.72577,27.26216,-32.22392,15e932d1-25a0-4896-afb0-0ccc5f9cb496,d756dd38-b464-492d-9b3d-68381a8eed9b,81.92428,LiveBpPitching,22420025,-25.35446568,1000060010,"Cooper, George",,GroundBall,85.82847,Right,-18.89915919,,,,4.93531,13.5831,0.04984163601,-33.08671793,-1.20191,2.02572,-0.16941,,,,,
89,2025-02-15,10:38:06.36,"Pauley, Truman",1000258644,Right,HAR_CRI,,Fastball,Live,,91.13023,-4.824978391,-1.46495901,2164.149374,190.682319,12:15,5.74495,1.81274,7.96134,-10.13386,21.32322,4.01261,0.58388,0.83977,82.49783,-6.800845108,-0.6751306343,0.4036738337,-2.81233,13.99879,-1.7486,50,5.52881,3.31079,-132.52496,-11.38826,-4.92787,32.21255,-7.64484,4994418a-7c8e-4f21-8f57-cf2fb3cf4b4a,d756dd38-b464-492d-9b3d-68381a8eed9b,93.3735,LiveBpPitching,22420025,,1000237116,"Wilson, Liam",,,,Right,,,,,,,,,,,,,,,,
90,2025-02-15,10:38:23.64,"Pauley, Truman",1000258644,Right,HAR_CRI,,Fastball,Live,,91.51988,-2.05590698,-1.521397978,2094.198536,196.7151378,12:30,5.59993,1.62814,8.22537,-10.90299,19.76846,5.94076,2.86507,0.77247,82.77955,-4.207129304,-0.3463099464,0.3986011247,-3.98915,12.31157,-1.56867,50,5.51665,3.44092,-133.54056,-4.98979,-7.09901,32.6512,-10.26461,8492394d-9348-4b06-bd11-6c0dac7eebfc,d756dd38-b464-492d-9b3d-68381a8eed9b,94.5618,LiveBpPitching,22420025,11.44766578,1000237116,"Wilson, Liam",,GroundBall,48.94326,Right,-7.612903171,,,,16.66306,16.0975,0.2355066363,8.270297165,0.30411,2.93183,-0.74971,,,,,
91,2025-02-15,10:41:22.49,"Colasante, Gio",1000139698,Right,HAR_CRI,,Fastball,Live,,91.37873,-1.565546774,-3.895951077,1961.417633,217.0653519,1:15,5.61658,2.14466,7.77125,-16.81774,14.77191,11.18376,2.80949,-0.41773,82.16573,-4.863439436,-1.70182398,0.404523529,-7.79699,9.09694,-1.9613,50,5.53828,8.82268,-132.97249,-3.99308,-13.68691,33.71771,-16.2052,bd662fe4-b882-4c32-a673-7d6c3264204e,d756dd38-b464-492d-9b3d-68381a8eed9b,93.17737,LiveBpPitching,22420025,48.40751001,1000121033,"Levin, Peter",,LineDrive,51.44956,Right,16.21849784,,,,76.30463,10.96299,1.177044354,48.78127249,-3.42066,2.76213,0.33663,,,,,
92,2025-02-15,10:41:42.99,"Colasante, Gio",1000139698,Right,HAR_CRI,,Fastball,Live,,92.74668,-1.762794242,-5.249009663,1971.691001,217.9086459,1:15,5.5377,2.08575,7.61856,-15.45342,15.46553,12.08189,2.65939,-1.63536,83.43586,-4.781115124,-2.894231889,0.4002061598,-8.69769,9.50062,-1.82402,50,5.44503,12.10381,-134.66874,-4.50505,-15.69491,33.98914,-15.03026,a7b265a6-1f2a-4ac0-88d2-702f4d29c216,d756dd38-b464-492d-9b3d-68381a8eed9b,94.18256,LiveBpPitching,22420025,,1000121033,"Levin, Peter",,,,Right,,,,,,,,,,,,,,,,
93,2025-02-15,10:41:59.04,"Colasante, Gio",1000139698,Right,HAR_CRI,,ChangeUp,Live,,89.14571,-1.972976587,-5.332205008,1971.215789,242.8117466,2:00,5.4789,2.15231,7.75395,-24.68185,8.26828,16.10974,1.64622,-1.29588,81.33453,-6.765160396,-2.200930061,0.4131425676,-10.88142,5.36119,-1.89965,50,5.37855,11.75447,-129.50344,-4.99021,-18.38057,28.39551,-23.11808,f193b8f4-457c-4b05-ae24-3b00196b1d77,d756dd38-b464-492d-9b3d-68381a8eed9b,91.23349,LiveBpPitching,22420025,,1000121033,"Levin, Peter",,,,Right,,,,,,,,,,,,,,,,
94,2025-02-15,10:43:02.55,"Colasante, Gio",1000139698,Right,HAR_CRI,,Fastball,Live,,92.52032,-2.300314891,-3.084643553,1930.931586,222.961266,1:30,5.61266,2.11187,7.60122,-17.3454,13.43226,12.51558,2.09625,0.38057,83.91927,-5.673064124,-0.6436050726,0.3992907034,-8.16323,8.44745,-1.95874,50,5.49193,6.97796,-134.69622,-5.8076,-14.82708,32.35645,-16.83073,95944b46-95cb-43cb-b4e5-f3c8a968b1fb,d756dd38-b464-492d-9b3d-68381a8eed9b,94.39849,LiveBpPitching,22420025,5.053977923,1000121033,"Levin, Peter",,LineDrive,100.93771,Right,23.22905733,,,,376.85102,98.15062,4.475683407,14.13837186,2.21904,2.25633,-0.33812,,,,,
95,2025-02-15,10:44:02.34,"Colasante, Gio",1000139698,Right,HAR_CRI,,Slider,Live,,78.96021,0.8761660089,-1.816733448,2269.515357,45.15518247,7:30,5.51139,2.19956,7.6359,-53.91243,-11.92279,-11.96278,1.80586,-0.42914,72.70183,-9.534045258,-4.145503704,0.4663827879,6.33609,-7.1358,-2.10594,50,5.54249,3.87999,-115.15921,0.73767,8.42808,23.27519,-41.66587,693f977e-44e8-4e05-b6d3-9f181041fbcd,d756dd38-b464-492d-9b3d-68381a8eed9b,80.81868,LiveBpPitching,22420025,,1000302082,"Brancel, Dominic",,,,Right,,,,,,,,,,,,,,,,
96,2025-02-15,10:44:20.88,"Colasante, Gio",1000139698,Right,HAR_CRI,,Fastball,Live,,91.4935,-0.7798050311,-3.362289614,2124.97306,211.1400758,1:00,5.5237,2.1393,7.72243,-13.18537,18.23545,11.04623,3.72466,0.04241,82.42882,-3.363121586,-1.199079451,0.403441127,-7.48616,10.807,-1.97863,50,5.48294,7.5942,-133.26255,-2.09752,-13.2458,32.93191,-13.05245,d8e33639-c3dd-4373-bb86-15de07498ace,d756dd38-b464-492d-9b3d-68381a8eed9b,93.42736,LiveBpPitching,22420025,,1000302082,"Brancel, Dominic",,,,Right,,,,,,,,,,,,,,,,
97,2025-02-15,10:44:45.32,"Colasante, Gio",1000139698,Right,HAR_CRI,,ChangeUp,Live,,85.734,-2.307909039,-4.373923276,1863.726287,247.0213226,2:15,5.43265,2.49994,7.57694,-28.51917,7.21842,17.00591,0.97421,-0.02243,78.56354,-7.811344902,-1.07549335,0.4302629767,-11.02471,4.81089,-2.28064,50,5.30753,9.17781,-124.66987,-5.63944,-17.2902,25.88658,-24.62907,231ec807-74ff-46c4-9680-5d2799432c45,d756dd38-b464-492d-9b3d-68381a8eed9b,87.60326,LiveBpPitching,22420025,,1000302082,"Brancel, Dominic",,,,Right,,,,,,,,,,,,,,,,
98,2025-02-15,10:45:08.24,"Colasante, Gio",1000139698,Right,HAR_CRI,,Slider,Live,,79.39517,2.525288848,-2.938399543,2009.070058,38.68370589,7:15,5.43518,2.36397,7.32285,-47.42082,-5.29809,-4.22306,3.7692,-0.64474,72.52186,-6.620780044,-3.754453297,0.4671212952,1.5233,-3.77282,-2.19974,50,5.56182,6.01953,-115.54918,4.10998,2.04428,23.01525,-37.2372,9255a30d-c916-4584-9810-3e9bc8718bef,d756dd38-b464-492d-9b3d-68381a8eed9b,80.6909,LiveBpPitching,22420025,,1000302082,"Brancel, Dominic",,,,Right,,,,,,,,,,,,,,,,
99,2025-02-15,10:45:28.02,"Colasante, Gio",1000139698,Right,HAR_CRI,,Fastball,Live,,92.99121,-2.18190498,-2.064351972,2083.916123,223.361837,1:30,5.556,2.31312,7.62809,-15.55201,14.82143,14.00195,2.29834,1.62527,84.37898,-5.207721172,0.6700082496,0.3966600338,-8.70694,9.21598,-2.21296,50,5.44288,4.57107,-135.50901,-5.51432,-16.01001,32.68085,-15.22802,1ece6a52-259d-4201-959c-2c1c04ef1aeb,d756dd38-b464-492d-9b3d-68381a8eed9b,95.02454,LiveBpPitching,22420025,,1000302082,"Brancel, Dominic",,,,Right,,,,,,,,,,,,,,,,
100,2025-02-15,10:46:03.22,"Colasante, Gio",1000139698,Right,HAR_CRI,,Fastball,Live,,88.93298,-2.177142544,-5.394059827,1969.113989,224.5968655,1:30,5.61353,2.26771,7.89862,-18.42369,14.28201,14.11195,2.12375,-1.3892,81.59184,-5.75598795,-2.65544674,0.4116073718,-9.65306,8.87924,-2.025,50,5.51059,11.92409,-129.23536,-5.29884,-16.36624,26.30384,-17.11977,2409e1ee-d1da-4cb7-b0b1-35d8272f4d21,d756dd38-b464-492d-9b3d-68381a8eed9b,91.57377,LiveBpPitching,22420025,,1000196494,"King, Justin",,,,Right,,,,,,,,,,,,,,,,
101,2025-02-15,10:46:26.98,"Colasante, Gio",1000139698,Right,HAR_CRI,,Fastball,Live,,90.34195,-1.892076789,-4.235037091,2154.986009,218.8320942,1:15,5.46912,2.30275,7.78678,-13.50596,18.55776,14.9628,2.64445,-0.24878,81.86313,-4.531960427,-1.312584231,0.4075475978,-9.97023,11.33353,-2.10511,50,5.37642,9.42418,-131.44079,-4.63298,-17.26889,30.44687,-12.54387,395accc9-8172-4109-b6a7-f1b5f9afb307,d756dd38-b464-492d-9b3d-68381a8eed9b,92.48598,LiveBpPitching,22420025,6.651569227,1000196494,"King, Justin",,LineDrive,23.39378,Right,13.17818505,,,,27.3677,27.24056,0.7560362053,6.037347183,2.80376,2.82283,0.25842,,,,,
102,2025-02-15,10:47:41.33,"Colasante, Gio",1000139698,Right,HAR_CRI,,Fastball,Live,,90.0612,-2.544063607,-4.677968832,2162.735146,228.0789555,1:30,5.57162,2.37914,7.67945,-19.00977,13.23778,14.74791,1.69595,-0.59803,82.35448,-6.227292084,-1.81665445,0.4087142472,-9.82559,8.35024,-2.15185,50,5.44157,10.39635,-130.9149,-6.24369,-17.01798,28.15283,-17.71139,680119bd-c943-4e97-8ec5-49d0a7c9e2e6,d756dd38-b464-492d-9b3d-68381a8eed9b,92.22198,LiveBpPitching,22420025,,1000312057,"Targoff, Lou",,,,Right,,,,,,,,,,,,,,,,
103,2025-02-15,10:48:02.17,"Colasante, Gio",1000139698,Right,HAR_CRI,,Slider,Live,,78.79136,0.7279685086,-2.605206264,2490.869662,48.52067704,7:30,5.43841,2.3311,7.34786,-56.55097,-13.65148,-15.42572,1.38385,-1.30833,72.41422,-10.12457914,-5.592158526,0.4714085614,7.96646,-8.02297,-2.1834,50,5.46259,5.53887,-114.77113,0.29879,10.47108,24.13161,-42.71941,5979fe39-1489-4c7d-aa38-41cf0c6234af,d756dd38-b464-492d-9b3d-68381a8eed9b,79.95705,LiveBpPitching,22420025,,1000312057,"Targoff, Lou",,,,Right,,,,,,,,,,,,,,,,
104,2025-02-15,10:48:21.84,"Colasante, Gio",1000139698,Right,HAR_CRI,,Slider,Live,,79.34283,0.7454161667,-2.773795907,2309.918554,49.01301529,7:45,5.53965,2.32784,7.385,-52.03471,-10.24402,-11.77102,1.87683,-1.15778,73.49997,-9.212632855,-5.042087853,0.4652765572,5.91905,-6.04892,-2.17371,50,5.56576,5.84578,-115.63283,0.43024,7.99754,21.97749,-40.34705,b23848a9-f2b2-4c42-9669-101f4e311006,d756dd38-b464-492d-9b3d-68381a8eed9b,81.01083,LiveBpPitching,22420025,,1000312057,"Targoff, Lou",,,,Right,,,,,,,,,,,,,,,,
105,2025-02-15,10:48:42.87,"Colasante, Gio",1000139698,Right,HAR_CRI,,Fastball,Live,,92.86906,-1.903675843,-4.34508887,2100.606614,220.8542377,1:15,5.55813,2.29437,7.6578,-15.71336,14.76919,12.79669,2.53454,-0.54654,84.27851,-4.962803133,-1.854269478,0.3973718106,-8.69867,9.09359,-2.08149,50,5.45978,9.9797,-135.07282,-4.85041,-15.92769,31.86157,-15.52325,9568ec9a-7962-4623-9161-cbd532d03b33,d756dd38-b464-492d-9b3d-68381a8eed9b,94.85434,LiveBpPitching,22420025,,1000312057,"Targoff, Lou",,,,Right,,,,,,,,,,,,,,,,
106,2025-02-15,10:49:17.05,"Colasante, Gio",1000139698,Right,HAR_CRI,,Fastball,Live,,91.77476,-2.445632566,-4.756850036,2081.103313,220.1765415,1:15,5.66684,2.25137,7.97905,-16.26067,14.62174,12.3622,2.12162,-0.97093,83.32344,-5.62751332,-2.337655989,0.3999695977,-8.66903,9.28106,-2.04399,50,5.55585,10.86041,-133.42811,-6.03765,-15.4798,31.25147,-15.60139,ce994fef-e879-4897-a54c-f6505725f136,d756dd38-b464-492d-9b3d-68381a8eed9b,94.23826,LiveBpPitching,22420025,,1000196494,"King, Justin",,,,Right,,,,,,,,,,,,,,,,
107,2025-02-15,10:49:35.42,"Colasante, Gio",1000139698,Right,HAR_CRI,,Fastball,Live,,91.77392,-2.046707363,-2.536888515,2004.240135,222.9784352,1:30,5.59475,2.34116,7.47017,-17.69205,13.6756,12.75303,2.27416,1.11719,83.35189,-5.476960084,-0.05590926752,0.4030996307,-8.08098,8.45922,-2.21031,50,5.48179,5.62691,-133.67232,-5.19178,-14.47599,31.48787,-17.02049,96d71107-6d83-49e8-8be3-1d2ca3758dca,d756dd38-b464-492d-9b3d-68381a8eed9b,93.50651,LiveBpPitching,22420025,,1000196494,"King, Justin",,,,Right,,,,,,,,,,,,,,,,
108,2025-02-15,10:50:04.37,"Colasante, Gio",1000139698,Right,HAR_CRI,,Slider,Live,,81.7143,-0.2616419515,-5.081534594,2296.544339,22.13775898,6:45,5.38371,2.25185,7.33304,-49.38847,-9.68581,-3.94177,1.03076,-2.67829,75.6742,-9.673433609,-5.837191222,0.4535040388,0.7925,-5.4339,-1.96922,50,5.35505,10.64519,-118.75771,-1.60856,1.12922,23.22341,-39.91672,3eb23921-bcec-4ea6-a7f7-9ec21046b40c,d756dd38-b464-492d-9b3d-68381a8eed9b,83.11379,LiveBpPitching,22420025,,1000196494,"King, Justin",,,,Right,,,,,,,,,,,,,,,,
109,2025-02-15,10:50:24.71,"Colasante, Gio",1000139698,Right,HAR_CRI,,Fastball,Live,,93.18801,-1.324899042,-5.848774347,2287.209385,223.4997241,1:30,5.58633,2.13171,7.93519,-13.16633,16.73008,15.94286,3.30002,-1.77901,84.84538,-3.897881773,-2.747439239,0.3935328354,-10.95004,10.11171,-1.87218,50,5.5242,13.54105,-135.35531,-3.41466,-20.25985,30.28608,-13.46528,56e461c9-f919-44ad-a29f-6b9de916bb42,d756dd38-b464-492d-9b3d-68381a8eed9b,95.77965,LiveBpPitching,22420025,,1000196494,"King, Justin",,,,Right,,,,,,,,,,,,,,,,
110,2025-02-15,10:50:46.17,"Colasante, Gio",1000139698,Right,HAR_CRI,,Slider,Live,,79.04944,2.262321699,-1.675741674,2306.876549,49.20274569,7:45,5.39991,2.4316,7.30624,-53.72184,-11.07935,-12.80823,2.96939,-0.15048,72.17643,-8.102072179,-4.158578358,0.4699944121,6.76501,-7.0256,-2.33451,50,5.51059,3.63555,-115.13592,3.42978,8.96219,23.98545,-41.48146,d90ea5bb-edf4-48df-9d9c-25c6822face9,d756dd38-b464-492d-9b3d-68381a8eed9b,80.19763,LiveBpPitching,22420025,,1000196494,"King, Justin",,,,Right,,,,,,,,,,,,,,,,
111,2025-02-15,10:53:46.34,"Pauley, Truman",1000258644,Right,HAR_CRI,,Fastball,Live,,89.16475,0.3853769166,-0.9086481448,2086.724981,200.0888775,12:45,5.69466,1.67312,7.99568,-11.94148,20.30488,7.43695,5.0432,1.48263,81.34769,-1.953711357,0.5485659883,0.4087066634,-4.59735,11.72794,-1.63479,50,5.7093,1.9229,-130.21464,0.64741,-7.86734,28.1875,-12.10432,6b83dc38-aca3-4b6b-bde8-a9d8720a3e5f,d756dd38-b464-492d-9b3d-68381a8eed9b,92.2237,LiveBpPitching,22420025,,1000196492,"Lane, Max",,,,Right,,,,,,,,,,,,,,,,
112,2025-02-15,10:54:08.25,"Pauley, Truman",1000258644,Right,HAR_CRI,,Sweeper,Live,,80.12329,0.1229078813,-2.204704697,2529.537958,98.89509961,9:15,5.4513,2.06245,7.80753,-38.40874,2.01776,-13.11052,2.36065,-1.00407,73.57887,-7.325357196,-4.759666468,0.4576194086,6.93773,1.13243,-1.9561,50,5.44902,4.73962,-116.88655,-0.45125,9.52891,23.51542,-30.61867,7888dce3-d6f2-435d-8154-0e4b094ec11d,d756dd38-b464-492d-9b3d-68381a8eed9b,82.36635,LiveBpPitching,22420025,,1000196492,"Lane, Max",,,,Right,,,,,,,,,,,,,,,,
113,2025-02-15,10:54:27.45,"Pauley, Truman",1000258644,Right,HAR_CRI,,Sweeper,Live,,79.8855,0.4271133783,-0.518919018,2635.737221,92.64551182,9:00,5.50342,1.98675,7.66459,-40.28397,0.81047,-18.25583,2.52974,-0.00026,72.87651,-7.398533528,-4.085770525,0.4613844557,10.37234,0.33165,-1.95688,50,5.51527,1.40231,-116.55627,0.104,14.06863,24.77552,-31.72421,8bb8f61c-66a7-4d24-ac34-755955e470a3,d756dd38-b464-492d-9b3d-68381a8eed9b,81.69421,LiveBpPitching,22420025,,1000196492,"Lane, Max",,,,Right,,,,,,,,,,,,,,,,
114,2025-02-15,10:54:43.46,"Pauley, Truman",1000258644,Right,HAR_CRI,,Slider,Live,,82.80301,-0.2005441535,-2.11619443,1999.303904,18.9429153,6:45,5.56276,1.86337,7.94241,-41.25431,-3.65899,-1.24584,1.94578,-0.13013,76.12269,-8.222359688,-2.359999539,0.4413044501,0.10126,-2.0711,-1.76868,50,5.54594,4.48758,-120.8366,-1.1685,0.14885,24.82551,-35.21846,4bb5b57f-69ab-4e12-afb5-71005b1a23f7,d756dd38-b464-492d-9b3d-68381a8eed9b,85.41142,LiveBpPitching,22420025,,1000196492,"Lane, Max",,,,Right,,,,,,,,,,,,,,,,
115,2025-02-15,10:55:17.26,"Pauley, Truman",1000258644,Right,HAR_CRI,,Fastball,Live,,90.03813,-3.352989503,-2.091249147,2122.941598,201.0519671,12:45,5.58324,1.76249,8.81395,-12.75995,17.95855,6.90927,1.57286,0.5027,82.45409,-5.877281865,-0.7171111543,0.3989067075,-4.75687,11.76584,-1.70156,50,5.48337,4.70451,-131.37413,-7.87317,-8.28519,28.71469,-11.68111,737e72dd-98c5-4f74-a5e2-3b1234fe5db9,d756dd38-b464-492d-9b3d-68381a8eed9b,94.48936,LiveBpPitching,22420025,,1000139698,"Colasante, Gio",,,,Right,,,,,,,,,,,,,,,,
116,2025-02-15,10:55:33.62,"Pauley, Truman",1000258644,Right,HAR_CRI,,Slider,Live,,82.50562,-0.3593048893,-1.099874565,2101.891666,36.76965105,7:15,5.62386,1.81459,7.99177,-44.74991,-7.23842,-5.38608,1.57425,0.38488,76.5585,-9.025430967,-2.151887667,0.4408121621,2.83603,-4.11718,-1.76546,50,5.59987,2.40946,-120.50454,-1.55275,4.17693,23.0624,-38.23787,39f75444-5ce1-4e4e-8d92-fcbe340373b1,d756dd38-b464-492d-9b3d-68381a8eed9b,85.5068,LiveBpPitching,22420025,,1000139698,"Colasante, Gio",,,,Right,,,,,,,,,,,,,,,,
117,2025-02-15,10:55:51.74,"Pauley, Truman",1000258644,Right,HAR_CRI,,Slider,Live,,83.09987,-0.3692268798,-1.323477171,2071.42432,13.28050734,6:30,5.57903,1.77354,8.08737,-43.86715,-7.11464,-1.67239,1.59472,0.45604,77.25122,-8.873628017,-1.650346635,0.4363298428,0.62551,-4.0578,-1.71754,50,5.55594,2.83358,-121.39264,-1.5439,0.93745,22.79356,-38.25545,0be2eeca-d0e9-4682-8ed4-7b470ac5a9d4,d756dd38-b464-492d-9b3d-68381a8eed9b,86.3852,LiveBpPitching,22420025,,1000139698,"Colasante, Gio",,,,Right,,,,,,,,,,,,,,,,
118,2025-02-15,10:56:10.40,"Pauley, Truman",1000258644,Right,HAR_CRI,,Slider,Live,,81.22246,1.452413862,-0.1435386976,2166.136393,33.07806999,7:00,5.66852,1.68007,8.08558,-46.21552,-7.69499,-4.9898,3.11024,1.1365,75.1449,-7.546118095,-1.119883864,0.4467016631,2.87662,-4.88685,-1.67317,50,5.72175,0.38183,-118.63976,2.22444,4.11245,22.05155,-39.16035,0c870db7-6ea0-41ce-9183-8fdb4ec4689e,d756dd38-b464-492d-9b3d-68381a8eed9b,84.37945,LiveBpPitching,22420025,,1000139698,"Colasante, Gio",,,,Right,,,,,,,,,,,,,,,,
119,2025-02-15,10:56:41.29,"Pauley, Truman",1000258644,Right,HAR_CRI,,Fastball,Live,,91.74292,-1.585291522,-0.5269577555,2085.270775,204.4301592,12:45,5.58829,1.82666,8.32562,-11.61953,18.573,8.44446,3.21522,2.06354,83.51602,-3.875318859,1.141666951,0.3954769323,-5.14857,11.45249,-1.80785,50,5.52653,1.08674,-133.99489,-3.90898,-9.28503,31.13517,-11.52039,ad5646a8-9416-44d6-8236-6dcd69faa94b,d756dd38-b464-492d-9b3d-68381a8eed9b,95.30882,LiveBpPitching,22420025,,1000121028,"Giberti, Matthew",,,,Left,,,,,,,,,,,,,,,,
120,2025-02-15,10:56:57.39,"Pauley, Truman",1000258644,Right,HAR_CRI,,Fastball,Live,,89.8963,-2.398036185,-2.274246163,2110.505014,207.4832254,1:00,5.58548,1.80025,8.7737,-14.11414,16.75337,8.7201,2.30083,0.52899,82.15474,-5.195780051,-0.5399649946,0.3998730835,-5.90342,10.76525,-1.73253,50,5.51192,5.09303,-131.24658,-5.69376,-10.24479,29.09788,-13.49203,14141989-f46a-4551-97a8-be63922f668e,d756dd38-b464-492d-9b3d-68381a8eed9b,94.26101,LiveBpPitching,22420025,,1000121028,"Giberti, Matthew",,,,Left,,,,,,,,,,,,,,,,
121,2025-02-15,10:57:21.61,"Pauley, Truman",1000258644,Right,HAR_CRI,,ChangeUp,Live,,82.32497,-2.074397081,-2.448397272,1562.600452,247.355852,2:15,5.42232,2.14252,8.07077,-32.18745,5.66476,13.60792,0.89068,1.09535,75.69445,-8.337009976,0.2216913238,0.4428095758,-8.66963,3.91611,-2.04106,50,5.32873,4.90043,-120.06575,-4.90498,-12.60075,24.18534,-26.48224,061e1e75-2106-4bf0-9bdb-923dbc652c13,d756dd38-b464-492d-9b3d-68381a8eed9b,85.1211,LiveBpPitching,22420025,,1000121028,"Giberti, Matthew",,,,Left,,,,,,,,,,,,,,,,
122,2025-02-15,10:57:42.18,"Pauley, Truman",1000258644,Right,HAR_CRI,,ChangeUp,Live,,83.73525,-2.190582373,-2.821295342,1683.8809,240.4233984,2:00,5.40365,2.0486,7.94796,-29.76168,7.09064,12.51233,0.96518,0.57137,76.76166,-7.976404671,-0.3707756411,0.4369218622,-8.12005,4.77701,-1.92528,50,5.30031,5.7866,-122.0441,-5.21592,-12.17376,25.36145,-25.01225,dfc2257b-5169-44fa-8898-f895fc37c8ca,d756dd38-b464-492d-9b3d-68381a8eed9b,86.26815,LiveBpPitching,22420025,,1000121028,"Giberti, Matthew",,,,Left,,,,,,,,,,,,,,,,
123,2025-02-15,11:00:02.48,"Colasante, Gio",1000139698,Right,HAR_CRI,,Fastball,Live,,91.79587,-1.358385989,-3.788489025,2258.8561,223.8426347,1:30,5.52096,2.22952,8.12857,-14.91419,15.68239,15.09184,3.06722,0.11313,83.20039,-4.293287848,-0.8187789255,0.3981143865,-10.02918,9.62414,-2.07506,50,5.46218,8.57541,-133.74074,-3.45566,-17.97059,31.72345,-14.92922,44083e5a-9fe6-4659-a3fa-017bc6efe4e6,d756dd38-b464-492d-9b3d-68381a8eed9b,94.67741,LiveBpPitching,22420025,-1.90254457,10141723,"Stone, Cullen",,FlyBall,93.0795,Right,41.087457,,,,313.18372,61.68851,5.80573607,8.350020241,2.33889,3.16811,-0.06976,,,,,
124,2025-02-15,11:00:31.79,"Colasante, Gio",1000139698,Right,HAR_CRI,,Slider,Live,,79.33181,1.153647298,-2.799781734,2257.643083,78.79819669,8:45,5.52194,2.24421,7.86917,-43.9929,-2.57568,-12.9085,2.88841,-1.33603,72.4651,-7.413684668,-5.322640812,0.4631928455,6.61776,-1.86458,-2.11304,50,5.56616,5.88276,-115.63964,1.55624,8.83973,24.29149,-34.66467,dd8c419d-3676-4254-a54d-b12559fea452,d756dd38-b464-492d-9b3d-68381a8eed9b,81.37526,LiveBpPitching,22420025,,1000398580,"Mooney, Ryan",,,,Right,,,,,,,,,,,,,,,,
125,2025-02-15,11:00:46.84,"Colasante, Gio",1000139698,Right,HAR_CRI,,Fastball,Live,,91.63075,-2.27944277,-4.338919975,2198.259754,219.4551045,1:15,5.47226,2.13747,8.06881,-15.07616,15.6506,12.89668,2.17951,-0.65836,83.45558,-5.231925192,-1.812877329,0.3989604033,-8.82645,9.82972,-1.95534,50,5.37265,9.87219,-133.35021,-5.61029,-15.79959,30.2536,-14.57857,a279d9e6-efc5-43f4-94bc-8a6c0e4459ef,d756dd38-b464-492d-9b3d-68381a8eed9b,94.47664,LiveBpPitching,22420025,,1000398580,"Mooney, Ryan",,,,Right,,,,,,,,,,,,,,,,
126,2025-02-15,11:01:03.15,"Colasante, Gio",1000139698,Right,HAR_CRI,,Fastball,Live,,90.89383,-1.63128886,-5.606574128,2051.54078,240.4747713,2:00,5.53861,2.10602,8.33174,-21.18514,9.88352,17.48756,2.32092,-1.41867,82.56599,-5.804185447,-2.165875722,0.4011738612,-12.0456,6.34038,-1.89573,50,5.47367,12.67334,-132.12019,-4.13989,-21.1023,30.48437,-21.06655,309a8873-7468-45c9-acfd-cfa6b972d838,d756dd38-b464-492d-9b3d-68381a8eed9b,93.95537,LiveBpPitching,22420025,,1000398580,"Mooney, Ryan",,,,Right,,,,,,,,,,,,,,,,
127,2025-02-15,11:01:20.77,"Colasante, Gio",1000139698,Right,HAR_CRI,,Slider,Live,,79.97653,1.624552415,-1.245703032,2178.476293,78.61491772,8:30,5.46371,2.38782,7.70328,-43.23475,-2.42022,-11.8845,3.31833,0.28022,73.09769,-6.780047348,-3.564178528,0.459810376,6.48291,-1.89338,-2.32436,50,5.53327,2.76059,-116.65356,2.49451,8.84976,23.85715,-34.75869,ce6427ff-2cf7-4fee-9e5d-c1d2c6902ca4,d756dd38-b464-492d-9b3d-68381a8eed9b,81.97388,LiveBpPitching,22420025,,1000398580,"Mooney, Ryan",,,,Right,,,,,,,,,,,,,,,,
128,2025-02-15,11:01:39.36,"Colasante, Gio",1000139698,Right,HAR_CRI,,ChangeUp,Live,,85.52226,-0.9873083083,-2.360296746,1849.416645,217.7492459,1:15,5.4895,2.14588,8.218,-18.27269,16.73198,12.97949,3.08947,1.13098,77.69514,-4.585927548,0.2008733133,0.4258281657,-8.36873,10.1555,-2.05386,50,5.44737,4.9267,-124.80547,-2.45896,-13.06438,27.5234,-16.32036,6fcacc26-618c-4627-9e17-1c95ed9bfaf6,d756dd38-b464-492d-9b3d-68381a8eed9b,88.51561,LiveBpPitching,22420025,,1000398580,"Mooney, Ryan",,,,Right,,,,,,,,,,,,,,,,
129,2025-02-15,11:02:50.67,"Colasante, Gio",1000139698,Right,HAR_CRI,,Fastball,Live,,92.21135,-1.873632244,-4.486689327,2268.269566,226.1656638,1:30,5.59125,2.10859,8.51102,-14.45432,15.5796,16.25069,2.72733,-0.50539,83.25875,-4.744286386,-1.261970442,0.3944368211,-11.13244,9.88963,-1.95452,50,5.52434,10.27834,-134.2661,-4.63452,-20.01311,33.19121,-14.39518,ad48e810-3f65-4e6d-b8d0-89bf1755fe84,d756dd38-b464-492d-9b3d-68381a8eed9b,95.56014,LiveBpPitching,22420025,,1000398580,"Mooney, Ryan",,,,Right,,,,,,,,,,,,,,,,
130,2025-02-15,11:03:18.24,"Colasante, Gio",1000139698,Right,HAR_CRI,,Slider,Live,,79.51259,0.9742927391,-3.273127825,2188.746251,46.02016159,7:30,5.45593,2.18499,7.82167,-50.44136,-9.35668,-9.68459,2.12565,-1.55359,73.30175,-8.785605556,-5.157171316,0.4613296518,4.64171,-5.71324,-2.02988,50,5.49104,6.80199,-115.88193,1.06349,6.2709,22.96335,-39.89257,b9d34b37-3668-4a57-9701-8471c9db140c,d756dd38-b464-492d-9b3d-68381a8eed9b,81.70392,LiveBpPitching,22420025,,1000196493,"Kang, Jordan",,,,Right,,,,,,,,,,,,,,,,
131,2025-02-15,11:03:34.15,"Colasante, Gio",1000139698,Right,HAR_CRI,,Fastball,Live,,91.57353,-1.313641757,-4.24316542,1990.840623,219.4501748,1:15,5.66732,2.04437,8.20057,-16.01026,14.4874,11.95522,3.16314,-0.73441,83.56352,-4.455737137,-1.898286891,0.3974702854,-8.2495,8.89206,-1.87573,50,5.61197,9.68006,-133.39457,-3.35776,-14.81165,29.6428,-16.20869,d216259c-ee58-41f7-870a-b586c0967e4e,d756dd38-b464-492d-9b3d-68381a8eed9b,94.83083,LiveBpPitching,22420025,,1000196493,"Kang, Jordan",,,,Right,,,,,,,,,,,,,,,,
132,2025-02-15,11:03:53.34,"Colasante, Gio",1000139698,Right,HAR_CRI,,Fastball,Live,,92.08771,-0.2917145308,-3.459295914,1969.936622,233.8715004,1:45,5.51802,2.21019,8.18484,-18.69902,11.66521,16.03725,3.70015,0.46991,83.28427,-3.980643896,-0.2945962445,0.3965998263,-10.53361,6.95661,-2.07283,50,5.50328,7.8232,-134.25187,-1.02556,-18.9685,32.6781,-19.64687,4fbe13ba-e7a4-4a77-b9d9-53e391a1123c,d756dd38-b464-492d-9b3d-68381a8eed9b,95.03897,LiveBpPitching,22420025,,1000196493,"Kang, Jordan",,,,Right,,,,,,,,,,,,,,,,
133,2025-02-15,11:04:16.85,"Colasante, Gio",1000139698,Right,HAR_CRI,,ChangeUp,Live,,87.01889,-1.338937088,-4.758723195,1906.899473,246.6153244,2:15,5.39785,2.15196,8.16186,-26.34414,7.40408,17.165,2.00823,-0.65657,79.90981,-6.482306604,-1.401952162,0.4181160343,-11.37631,4.71051,-1.9602,50,5.33879,10.24441,-126.68004,-3.43358,-18.50191,25.67734,-24.51309,9248252e-6d2f-4342-9447-92acb4603ca0,d756dd38-b464-492d-9b3d-68381a8eed9b,90.14827,LiveBpPitching,22420025,,1000196493,"Kang, Jordan",,,,Right,,,,,,,,,,,,,,,,
134,2025-02-15,11:07:08.79,"Baxter, Nate",1000121031,Right,HAR_CRI,,Slider,Live,,78.89905,-1.155062218,-1.722823683,,,,6.29686,0.82488,7.89461,-39.4101,1.83812,-5.2928,1.98016,-1.1558,73.09458,-8.769427761,-2.754398446,0.462246905,2.59659,1.38536,-0.7455,50,6.23651,3.55705,-115.16357,-3.01668,3.48991,21.22902,-30.31207,324713d6-2811-4682-9aca-7dd349ba8318,d756dd38-b464-492d-9b3d-68381a8eed9b,81.54179,LiveBpPitching,22420025,,10011450,"Rickheim, Jack",,,,Left,,,,,,,,,,,,,,,,
135,2025-02-15,11:07:24.67,"Baxter, Nate",1000121031,Right,HAR_CRI,,Slider,Live,,78.07072,,,2460.756189,,,6.14049,1.23442,7.71472,,,,5.08026,2.44565,71.76483,-6.114233364,0.9219430415,0.4693274614,2.91092,-4.54955,-1.3182,50,6.29255,-3.38429,-113.75472,5.76117,3.82179,20.48086,-38.14721,ae999890-21f7-4c7e-bbe4-049556766c9c,d756dd38-b464-492d-9b3d-68381a8eed9b,80.3116,LiveBpPitching,22420025,,10011450,"Rickheim, Jack",,,,Left,,,,,,,,,,,,,,,,
136,2025-02-15,11:07:44.45,"Baxter, Nate",1000121031,Right,HAR_CRI,,Slider,Live,,78.70805,0.2243231115,0.8728451492,,,,6.26313,1.10289,7.58201,-44.73258,-3.16845,-6.94081,2.73708,1.3091,73.43125,-8.355389444,-0.467641704,0.4640136191,4.1881,-1.86889,-1.1456,50,6.26345,-1.61508,-114.93985,-0.42677,5.66405,19.1195,-34.70156,b72732ab-dbce-446c-94c8-4a718f40983e,d756dd38-b464-492d-9b3d-68381a8eed9b,81.23132,LiveBpPitching,22420025,,10011450,"Rickheim, Jack",,,,Left,,,,,,,,,,,,,,,,
137,2025-02-15,11:08:30.72,"Baxter, Nate",1000121031,Right,HAR_CRI,,Slider,Live,,78.32367,-0.04323792566,0.2713823027,,,,6.25224,1.40425,7.62435,-47.88591,-5.56963,-0.87302,2.22291,1.57523,72.49714,-9.268530731,0.1017049225,0.468193233,0.57769,-3.1888,-1.41765,50,6.23862,-0.52493,-114.34114,-0.99942,0.76427,21.21473,-36.39276,6be63626-f90c-4344-91fb-fbcb9c181375,d756dd38-b464-492d-9b3d-68381a8eed9b,80.50616,LiveBpPitching,22420025,,1000316933,"Shulman, Tyler",,,,Left,,,,,,,,,,,,,,,,
138,2025-02-15,11:08:48.53,"Baxter, Nate",1000121031,Right,HAR_CRI,,Fastball,Live,,88.47949,-2.040179811,-1.661283365,1957.536323,219.0505714,1:15,6.13193,1.35215,8.67178,-19.94812,11.88763,9.65518,2.67307,0.6947,81.32978,-5.974067161,0.252027724,0.4060962256,-6.2362,7.67698,-1.30014,50,6.06481,3.61094,-129.25069,-4.89076,-10.54328,27.08328,-19.19491,1828cc17-009f-4446-a58f-a3d368d0981d,d756dd38-b464-492d-9b3d-68381a8eed9b,92.81652,LiveBpPitching,22420025,,1000316933,"Shulman, Tyler",,,,Left,,,,,,,,,,,,,,,,
139,2025-02-15,11:09:08.59,"Baxter, Nate",1000121031,Right,HAR_CRI,,Slider,Live,,79.34069,-1.832083596,-0.5690462984,2369.879494,82.89864957,8:45,6.26759,1.11687,7.55365,-42.36182,-0.98755,-7.62706,1.08914,-0.0305,73.63464,-9.944856527,-2.048088501,0.4629526551,4.21308,-0.05703,-1.08571,50,6.16278,1.30021,-115.75297,-4.5389,5.71665,21.58819,-32.25143,90a00637-306e-476a-8a4c-48079fd5655c,d756dd38-b464-492d-9b3d-68381a8eed9b,81.41748,LiveBpPitching,22420025,,1000316933,"Shulman, Tyler",,,,Left,,,,,,,,,,,,,,,,
140,2025-02-15,11:10:01.92,"Baxter, Nate",1000121031,Right,HAR_CRI,,Fastball,Live,,94.01139,-1.804639025,-0.4294984473,1910.036818,202.268769,12:45,6.17725,1.50981,8.53297,-16.211,12.48839,5.12082,3.23363,1.55762,85.14299,-5.019780512,0.5900388464,0.3855740421,-3.193,8.03185,-1.49566,50,6.11346,0.94731,-137.31353,-4.5862,-6.00172,34.80594,-17.07701,8bedeae3-9c0f-4f70-9225-189fcac96c34,d756dd38-b464-492d-9b3d-68381a8eed9b,97.75668,LiveBpPitching,22420025,,1000316933,"Shulman, Tyler",,,,Left,,,,,,,,,,,,,,,,
141,2025-02-15,11:10:22.46,"Baxter, Nate",1000121031,Right,HAR_CRI,,Fastball,Live,,91.21207,-1.790933474,-0.7360053627,1930.163252,202.3975464,12:45,6.11358,1.30464,8.5451,-15.70023,14.80991,6.11046,3.22491,1.16462,82.4917,-4.908074451,0.4815887212,0.3975515913,-3.88777,9.42531,-1.28023,50,6.05071,1.61703,-133.21649,-4.4081,-6.86899,33.10604,-15.52122,c5623066-6591-4154-8c7c-1575fea0b41e,d756dd38-b464-492d-9b3d-68381a8eed9b,94.81144,LiveBpPitching,22420025,,1000316933,"Shulman, Tyler",,,,Left,,,,,,,,,,,,,,,,
142,2025-02-15,11:10:43.15,"Baxter, Nate",1000121031,Right,HAR_CRI,,Slider,Live,,80.03115,-0.4330616588,-1.571289589,2439.926591,356.6532046,6:00,6.23939,1.12163,7.84616,-43.7244,-3.4913,0.20228,2.20828,-0.26697,73.95871,-8.895194517,-1.531823037,0.4565235215,-0.56152,-1.90108,-1.04891,50,6.21036,3.20097,-116.82505,-1.67555,-0.77475,22.3464,-34.79704,2352d3fe-22d1-49a3-b180-17773f8bb047,d756dd38-b464-492d-9b3d-68381a8eed9b,82.56407,LiveBpPitching,22420025,-9.759088463,1000316933,"Shulman, Tyler",,FlyBall,75.18402,Left,48.12801772,,,,225.55752,51.28614,5.155017682,-17.36661412,2.31603,2.51129,0.359,,,,,
143,2025-02-15,11:11:21.51,"Baxter, Nate",1000121031,Right,HAR_CRI,,Slider,Live,,79.27683,-2.309444616,-1.840370493,2408.680924,161.6829997,11:30,6.30102,1.28242,7.98329,-38.22951,2.69553,-0.90377,1.05339,-0.43478,73.2576,-9.703108243,-2.01726428,0.4604324848,-0.00492,2.2387,-1.20142,50,6.19244,3.73091,-115.63363,-5.31825,-0.00664,22.31926,-29.15432,38b08fa8-c27e-4a5e-bfe3-4c440c2f3882,d756dd38-b464-492d-9b3d-68381a8eed9b,81.86312,LiveBpPitching,22420025,,1000060010,"Cooper, George",,,,Right,,,,,,,,,,,,,,,,
144,2025-02-15,11:11:39.15,"Baxter, Nate",1000121031,Right,HAR_CRI,,Slider,Live,,81.0364,,,,,,6.25135,0.86668,8.17706,,,,2.65295,-0.50226,75.57946,-7.917156281,-2.05385505,0.4454565232,2.69661,-0.07662,-0.82266,50,6.2278,2.28707,-118.42921,-1.51927,3.8691,20.44358,-32.28398,493e578e-2ff7-4886-9f62-3454d038b91d,d756dd38-b464-492d-9b3d-68381a8eed9b,84.6153,LiveBpPitching,22420025,,1000060010,"Cooper, George",,,,Right,,,,,,,,,,,,,,,,
145,2025-02-15,11:12:00.58,"Baxter, Nate",1000121031,Right,HAR_CRI,,Slider,Live,,82.09344,-0.3977975692,-2.671792719,,,,6.2751,0.82518,7.99283,-40.16636,-2.44126,-4.3247,2.57281,-1.91931,76.50808,-8.153265434,-3.511944464,0.4420654889,1.83827,-1.31887,-0.70744,50,6.25022,5.66871,-119.82583,-1.54791,2.69597,21.26578,-34.10828,803053ad-d75c-4a7c-a842-446489682763,d756dd38-b464-492d-9b3d-68381a8eed9b,85.26438,LiveBpPitching,22420025,,1000060010,"Cooper, George",,,,Right,,,,,,,,,,,,,,,,
146,2025-02-15,11:12:24.91,"Baxter, Nate",1000121031,Right,HAR_CRI,,Slider,Live,,80.63944,,,2474.398551,,,6.38681,0.77242,7.91281,,,,0.93731,-0.42059,75.25977,-10.11000262,-2.127916462,0.4513073342,4.37198,-0.12877,-0.74348,50,6.27437,1.38724,-117.70274,-5.48318,6.16615,21.21842,-32.35566,aab1a015-e9c4-4cbe-8536-1d365acb9380,d756dd38-b464-492d-9b3d-68381a8eed9b,83.51834,LiveBpPitching,22420025,,1000060010,"Cooper, George",,,,Right,,,,,,,,,,,,,,,,
147,2025-02-15,11:12:57.36,"Baxter, Nate",1000121031,Right,HAR_CRI,,Slider,Live,,80.97327,0.04383578372,-0.4741250773,,,,6.30315,1.15051,7.79945,-41.61067,-2.67427,-2.96329,2.87483,0.47919,75.48309,-7.974140127,-1.048807095,0.4491064692,1.59254,-1.55419,-1.12754,50,6.2963,1.03467,-118.29318,-0.69254,2.28028,20.34479,-34.39942,9db699c1-fbaf-4de5-a4a7-6339ef2e3025,d756dd38-b464-492d-9b3d-68381a8eed9b,83.92762,LiveBpPitching,22420025,,1000196492,"Lane, Max",,,,Right,,,,,,,,,,,,,,,,
148,2025-02-15,11:13:13.94,"Baxter, Nate",1000121031,Right,HAR_CRI,,Slider,Live,,80.94031,-3.190838313,-1.976094935,,,,6.29084,0.91009,8.0637,-35.5635,3.3618,-4.06459,0.48134,-1.18892,75.40402,-10.03322359,-2.769370726,0.4490424358,1.84679,2.81139,-0.82536,50,6.14878,4.14102,-118.0136,-7.18835,2.61555,21.56552,-28.19237,4bf30075-c331-4964-875b-bff3abad8040,d756dd38-b464-492d-9b3d-68381a8eed9b,83.93959,LiveBpPitching,22420025,,1000196492,"Lane, Max",,,,Right,,,,,,,,,,,,,,,,
149,2025-02-15,11:13:33.16,"Baxter, Nate",1000121031,Right,HAR_CRI,,Slider,Live,,80.13885,-1.476729153,-0.97188749,,,,6.21175,1.16749,8.20669,-40.96711,-1.64478,-3.10307,1.4861,0.04584,74.64784,-9.416265309,-1.579688411,0.4513266941,1.56412,-0.57526,-1.12812,50,6.14626,2.03561,-117.06887,-3.67352,2.18138,21.07959,-32.97633,db30e79a-2169-46ff-ba15-94d015a4c9ec,d756dd38-b464-492d-9b3d-68381a8eed9b,83.51476,LiveBpPitching,22420025,,1000196492,"Lane, Max",,,,Right,,,,,,,,,,,,,,,,
150,2025-02-15,11:13:52.06,"Baxter, Nate",1000121031,Right,HAR_CRI,,Slider,Live,,80.77355,-4.070656678,-4.341953394,,,,6.26828,0.88142,8.13196,,,,,,,,,,0.43378,0.22141,-0.70127,50,6.09261,8.95867,-117.40243,-9.05079,0.60832,21.23176,-31.86355,391c42a5-b8f1-4f77-afe0-1e9c2c8e7039,d756dd38-b464-492d-9b3d-68381a8eed9b,,LiveBpPitching,22420025,,1000196492,"Lane, Max",,,,Right,,,,,,,,,,,,,,,,
151,2025-02-15,11:14:16.34,"Baxter, Nate",1000121031,Right,HAR_CRI,,Slider,Live,,79.67776,-2.944387803,-1.995811727,,,,6.37029,0.95991,8.04148,-40.85887,-0.54375,-6.65603,0.33855,-1.3734,74.21395,-10.79955644,-3.295979436,0.4569886291,3.33266,0.4974,-0.8731,50,6.23657,4.16067,-116.17848,-6.66753,4.55753,21.64866,-31.49383,09a1ddc9-3cb9-4429-9788-63378daf6e06,d756dd38-b464-492d-9b3d-68381a8eed9b,82.48004,LiveBpPitching,22420025,,1000196492,"Lane, Max",,,,Right,,,,,,,,,,,,,,,,
152,2025-02-15,11:14:36.18,"Baxter, Nate",1000121031,Right,HAR_CRI,,Slider,Live,,80.32836,-1.934789402,0.2157339767,,,,6.2185,1.03565,7.99547,-40.84135,-1.38524,-2.11175,1.08927,1.05203,74.90415,-9.807532639,-0.1963096199,0.4520937899,1.28535,-0.29987,-1.04469,50,6.12638,-0.40499,-117.29945,-4.67192,1.80107,20.99933,-32.59424,1ce5168f-6d44-4feb-b507-b14474c8da16,d756dd38-b464-492d-9b3d-68381a8eed9b,83.37305,LiveBpPitching,22420025,,1000196492,"Lane, Max",,,,Right,,,,,,,,,,,,,,,,
153,2025-02-15,11:15:21.32,"Baxter, Nate",1000121031,Right,HAR_CRI,,Fastball,Live,,92.96717,-2.669180253,-0.6612361413,2051.056999,228.2900879,1:30,6.11434,1.41686,8.75827,-18.31999,10.37603,11.64969,2.24144,1.80686,85.67662,-6.277673239,1.649290247,0.3855513734,-7.16589,6.95409,-1.39784,50,6.03152,1.40037,-135.81821,-6.59507,-13.40114,29.41509,-19.16901,3d6e9517-8cac-4258-8f54-e3b6747552af,d756dd38-b464-492d-9b3d-68381a8eed9b,97.76243,LiveBpPitching,22420025,,1000121028,"Giberti, Matthew",,,,Left,,,,,,,,,,,,,,,,
154,2025-02-15,11:15:42.84,"Baxter, Nate",1000121031,Right,HAR_CRI,,Slider,Live,,78.67452,-0.8593237488,-0.8486294296,,,,6.17806,1.20967,7.96922,-43.83123,-2.68774,-3.98568,1.75873,0.12043,73.31566,-9.320356344,-1.625522357,0.4616596912,2.09537,-1.33798,-1.17145,50,6.13185,1.77073,-114.92111,-2.47689,2.81851,20.1367,-33.97378,45127f60-1613-4ab6-a998-d06875f9998e,d756dd38-b464-492d-9b3d-68381a8eed9b,81.64551,LiveBpPitching,22420025,,1000121028,"Giberti, Matthew",,,,Left,,,,,,,,,,,,,,,,
155,2025-02-15,11:16:10.90,"Baxter, Nate",1000121031,Right,HAR_CRI,,Slider,Live,,79.48201,0.3988773946,0.2322629201,,,,6.24777,1.33061,7.86862,-39.65472,0.84271,-7.47192,3.29976,0.91556,73.60564,-7.282430757,-1.22264971,0.4580207279,4.38983,0.38278,-1.33976,50,6.25803,-0.33644,-116.10023,0.09603,6.0204,20.76345,-31.64909,4ed5aac9-494b-42cd-bdf5-b7837a116455,d756dd38-b464-492d-9b3d-68381a8eed9b,82.29418,LiveBpPitching,22420025,,1000121028,"Giberti, Matthew",,,,Left,,,,,,,,,,,,,,,,
156,2025-02-15,11:16:28.70,"Baxter, Nate",1000121031,Right,HAR_CRI,,Slider,Live,,78.55157,0.5645803137,1.089514878,2465.78727,42.04455387,7:30,6.17401,1.14066,7.92163,-46.99141,-5.67755,-5.08883,2.76229,1.68956,73.07794,-8.523033806,0.09864097627,0.4626145858,3.23381,-3.43985,-1.18867,50,6.19021,-2.09322,-114.73726,0.31047,4.34064,19.85537,-36.79125,ef57e3e7-072f-4aae-bea6-258d911bbe7e,d756dd38-b464-492d-9b3d-68381a8eed9b,81.47698,LiveBpPitching,22420025,,1000121028,"Giberti, Matthew",,,,Left,,,,,,,,,,,,,,,,
157,2025-02-15,11:16:44.87,"Baxter, Nate",1000121031,Right,HAR_CRI,,Slider,Live,,79.52624,1.467815377,2.092014354,2566.661764,86.21045363,8:45,6.23381,1.3019,7.86045,-41.41932,-0.74919,-10.65186,4.09557,2.2853,73.21004,-6.580361595,0.01537079237,0.4589963208,6.74797,-0.83752,-1.3961,50,6.29303,-4.04743,-116.03516,2.2318,9.21097,21.47106,-33.31727,606d5ef8-1ecf-478a-8a1b-00f84a01d662,d756dd38-b464-492d-9b3d-68381a8eed9b,82.11926,LiveBpPitching,22420025,,1000121028,"Giberti, Matthew",,,,Left,,,,,,,,,,,,,,,,
158,2025-02-15,11:17:58.17,"Baxter, Nate",1000121031,Right,HAR_CRI,,Slider,Live,,80.30636,,,,,,6.99933,0.61451,8.15084,,,,1.21479,-0.77333,74.10147,-9.041264281,-3.005498111,0.4534010202,8.189,9.48579,-0.60235,50,6.82656,0.72105,-117.02417,-8.81895,11.32165,22.70576,-19.05953,6d9552a1-81cc-435d-9776-87baee40716d,d756dd38-b464-492d-9b3d-68381a8eed9b,83.13267,LiveBpPitching,22420025,,10011450,"Rickheim, Jack",,,,Left,,,,,,,,,,,,,,,,
159,2025-02-15,11:18:12.19,"Baxter, Nate",1000121031,Right,HAR_CRI,,Slider,Live,,79.28505,-2.176697767,-2.116710648,2363.774213,175.0607397,11:45,6.22644,1.06071,8.38448,-37.46388,2.30891,-0.20242,1.17618,-0.82996,74.1892,-9.434301944,-2.156357359,0.45390441,-0.40666,1.90363,-0.98254,50,6.14098,4.28172,-115.76549,-4.95575,-0.55758,19.51616,-29.56397,e14e575e-2f51-4b6b-b240-0fbb2d3dd9ca,d756dd38-b464-492d-9b3d-68381a8eed9b,83.04048,LiveBpPitching,22420025,,10011450,"Rickheim, Jack",,,,Left,,,,,,,,,,,,,,,,
160,2025-02-15,11:18:27.83,"Baxter, Nate",1000121031,Right,HAR_CRI,,Slider,Live,,80.47514,-1.962341673,-0.4653222827,,,,6.23886,1.15552,8.2612,-40.44448,-1.51423,-3.91396,1.12717,0.41661,75.00755,-9.799502002,-1.233070236,0.4490709739,2.17795,-0.37048,-1.13676,50,6.15616,1.01617,-117.55172,-4.6629,3.06152,21.32456,-32.69483,cd40c972-c3ce-4138-b034-b87239380b96,d756dd38-b464-492d-9b3d-68381a8eed9b,83.93426,LiveBpPitching,22420025,,10011450,"Rickheim, Jack",,,,Left,,,,,,,,,,,,,,,,
161,2025-02-15,11:18:50.14,"Baxter, Nate",1000121031,Right,HAR_CRI,,Slider,Live,,80.51608,0.5233473733,0.4674927963,2397.494839,15.73830017,6:30,6.2116,1.01245,,-46.27331,-4.46023,-1.24707,2.836,1.33773,74.3789,-8.213593013,0.2305093135,0.4654011477,0.81357,-2.59806,-1.04468,50,6.22756,-0.92467,-117.3394,-0.14375,1.13687,21.7279,-35.80456,e58959fc-f6cf-492b-981c-437a1640ce4e,d756dd38-b464-492d-9b3d-68381a8eed9b,,LiveBpPitching,22420025,,10011450,"Rickheim, Jack",,,,Left,,,,,,,,,,,,,,,,
162,2025-02-15,11:19:07.71,"Baxter, Nate",1000121031,Right,HAR_CRI,,Slider,Live,,80.17708,0.3812557973,0.6590764971,2360.889284,95.42230392,9:15,6.33782,0.98947,7.89513,-39.66833,0.34879,-4.02961,3.37276,1.2425,73.74117,-7.334571692,-0.1287889921,0.4552965352,2.52857,0.09367,-1.01863,50,6.34729,-1.27494,-117.0798,0.07142,3.50043,22.65374,-32.04437,38e642df-2f2d-41b9-a9d7-3005a9fcd531,d756dd38-b464-492d-9b3d-68381a8eed9b,82.78657,LiveBpPitching,22420025,,10011450,"Rickheim, Jack",,,,Left,,,,,,,,,,,,,,,,
163,2025-02-15,11:19:35.69,"Baxter, Nate",1000121031,Right,HAR_CRI,,Slider,Live,,79.29414,-1.403183784,-1.017694417,2336.677331,110.4172591,9:45,6.20381,1.38452,7.89559,-40.99768,0.3422,-1.01297,1.53333,0.39083,72.56127,-9.375891747,-1.21673927,0.4627602088,0.26619,0.64539,-1.33808,50,6.132,2.07296,-115.69816,-3.55068,0.35587,24.34749,-31.31123,bff10012-6e93-4517-97a7-1c5c27e325d8,d756dd38-b464-492d-9b3d-68381a8eed9b,81.45134,LiveBpPitching,22420025,,1000316933,"Shulman, Tyler",,,,Left,,,,,,,,,,,,,,,,
164,2025-02-15,11:19:52.67,"Baxter, Nate",1000121031,Right,HAR_CRI,,Fastball,Live,,90.22894,-1.973645132,0.4432095512,2017.115066,210.1401643,1:00,6.13595,1.30624,8.79784,-20.84061,9.57647,5.57271,2.66638,2.15962,83.06921,-6.089184975,1.549853505,0.3969448556,-3.22356,6.30121,-1.31989,50,6.07551,-1.09617,-131.89136,-4.82904,-5.67731,28.08999,-21.0764,c2f5bacc-47be-4c0e-8f43-e208007eee45,d756dd38-b464-492d-9b3d-68381a8eed9b,94.95636,LiveBpPitching,22420025,,1000316933,"Shulman, Tyler",,,,Left,,,,,,,,,,,,,,,,
165,2025-02-15,11:20:07.89,"Baxter, Nate",1000121031,Right,HAR_CRI,,Slider,Live,,80.17862,-1.374111359,-0.5162855435,2402.032298,94.14514005,9:15,6.24243,1.11447,8.01346,-39.4534,0.1483,-2.50881,1.72959,0.44522,74.53079,-9.003881993,-1.006195874,0.452927095,1.32433,0.45125,-1.09162,50,6.17562,1.09844,-117.10718,-3.48814,1.8471,21.21422,-31.54467,6d0b9599-5ac9-497e-ad79-721e4dca56e4,d756dd38-b464-492d-9b3d-68381a8eed9b,83.21966,LiveBpPitching,22420025,,1000316933,"Shulman, Tyler",,,,Left,,,,,,,,,,,,,,,,
166,2025-02-15,11:20:30.27,"Baxter, Nate",1000121031,Right,HAR_CRI,,Fastball,Live,,92.3071,-1.616082707,1.494312657,2122.282883,221.1498489,1:15,6.10902,1.21564,8.70854,-20.19391,8.99622,7.88759,3.00451,3.18702,84.93541,-5.596872377,3.056337491,0.3888565361,-4.30332,5.83791,-1.26311,50,6.05655,-3.63409,-134.89236,-4.10203,-7.9236,29.52795,-21.42483,c783f6c2-1cb9-40ec-a7ab-9583d53bf1c3,d756dd38-b464-492d-9b3d-68381a8eed9b,96.93148,LiveBpPitching,22420025,,1000316933,"Shulman, Tyler",,,,Left,,,,,,,,,,,,,,,,
167,2025-02-15,11:20:52.54,"Baxter, Nate",1000121031,Right,HAR_CRI,,Slider,Live,,82.53366,0.6324491042,-1.559064762,2499.341049,130.6428987,10:15,6.21958,1.20243,7.54451,-34.4315,4.13182,-4.85065,3.91941,-0.60452,75.23268,-6.049661339,-2.50325542,0.4469496838,2.30815,2.17873,-1.12081,50,6.24359,3.37535,-120.374,0.62609,3.35428,25.45053,-29.00784,58f515d0-639a-4645-b703-2de20cb7547e,d756dd38-b464-492d-9b3d-68381a8eed9b,84.33262,LiveBpPitching,22420025,,1000316933,"Shulman, Tyler",,,,Left,,,,,,,,,,,,,,,,
168,2025-02-15,11:24:20.51,"Tahnk, Owen",1000137484,Right,HAR_CRI,,Fastball,Live,,88.39607,0.1415419214,-3.391820818,2008.432626,206.5275424,1:00,5.16525,2.31633,8.8325,-18.27642,13.85075,6.94006,3.76657,-0.0835,79.92474,-3.51033638,-2.005666868,0.407950663,-5.27867,8.30849,-2.21816,50,5.16786,7.55741,-129.02513,0.0833,-8.76457,30.6133,-18.37885,81981a7c-f1ff-4116-a116-b6baf5387942,7c216704-bb95-4b39-a2cd-281961c99520,92.3946,LiveBpPitching,22420025,,1000238638,"Smith, Gavin",,,,Right,,,,,,,,,,,,,,,,
169,2025-02-15,11:24:33.40,"Tahnk, Owen",1000137484,Right,HAR_CRI,,Fastball,Live,,86.97955,-0.7023976609,-3.185185648,1942.634112,195.366354,12:30,5.14056,2.11274,8.89737,-18.53651,14.4834,3.99293,2.97965,-0.34726,78.92935,-4.40234594,-2.387631064,0.4135798427,-3.41824,8.97511,-2.02393,50,5.11947,7.01828,-126.99655,-1.78677,-5.51097,29.11663,-17.70415,5d1f3d17-6bdd-4c78-8c88-22ef01ffb41d,7c216704-bb95-4b39-a2cd-281961c99520,91.13703,LiveBpPitching,22420025,16.40689492,1000238638,"Smith, Gavin",,GroundBall,100.37529,Right,3.578026968,,,,97.9738,95.77679,0.7244574235,19.03828316,0.91863,3.03656,0.33168,,,,,
170,2025-02-15,11:25:01.71,"Tahnk, Owen",1000137484,Right,HAR_CRI,,Fastball,Live,,87.11256,-0.4641876829,-3.241908227,2117.640181,201.1868221,12:45,5.22523,2.17891,8.5707,-19.21217,13.91418,5.4115,3.21433,-0.23122,79.58285,-4.261617745,-2.171836683,0.4142459064,-4.16803,8.42708,-2.0703,50,5.20745,7.12225,-127.14541,-1.31425,-6.79302,27.13663,-18.43966,32f57d2f-7367-4bf4-bbfb-b58588f57bb1,7c216704-bb95-4b39-a2cd-281961c99520,90.99049,LiveBpPitching,22420025,,1000302082,"Brancel, Dominic",,,,Right,,,,,,,,,,,,,,,,
171,2025-02-15,11:25:15.47,"Tahnk, Owen",1000137484,Right,HAR_CRI,,Slider,Live,,78.37322,-0.1056396595,-2.450210289,2388.972419,113.9763017,9:45,5.09602,2.44028,,-39.54292,3.88938,-8.83651,1.70475,-0.52272,72.125,-7.652931811,-4.145754702,0.4743269751,4.26955,2.21963,-2.28958,50,5.07634,5.08352,-114.18884,-1.09384,5.619,21.66292,-29.25287,7958445d-6c72-43d0-a72c-18090b74ebb4,7c216704-bb95-4b39-a2cd-281961c99520,,LiveBpPitching,22420025,,1000302082,"Brancel, Dominic",,,,Right,,,,,,,,,,,,,,,,
172,2025-02-15,11:25:30.74,"Tahnk, Owen",1000137484,Right,HAR_CRI,,Slider,Live,,77.82609,-1.115047668,-2.462072612,2458.305584,90.65182555,9:00,5.03489,2.45422,8.4423,-42.2622,0.09735,-12.59695,0.52649,-0.77292,70.89549,-9.425125257,-4.964029255,0.4684325531,6.6482,0.44344,-2.36423,50,4.98958,5.0558,-113.56153,-2.79248,8.48242,25.24657,-31.60826,217f765b-ad96-435d-8bc5-6c9e8f7f9ce1,7c216704-bb95-4b39-a2cd-281961c99520,80.46503,LiveBpPitching,22420025,,1000302082,"Brancel, Dominic",,,,Right,,,,,,,,,,,,,,,,
173,2025-02-15,11:25:48.64,"Tahnk, Owen",1000137484,Right,HAR_CRI,,Fastball,Live,,87.73074,-0.1579495637,-2.428576531,2007.264646,205.6393617,12:45,5.19815,2.44052,8.71325,-19.85263,12.88446,6.20239,3.40479,0.82114,79.35989,-4.11636807,-1.190713922,0.4118048776,-4.5103,7.78825,-2.36538,50,5.19134,5.34961,-128.13368,-0.62498,-7.38171,30.32139,-19.42752,7a0c7499-8ba3-4e85-9b4d-6563e652cfd6,7c216704-bb95-4b39-a2cd-281961c99520,91.52985,LiveBpPitching,22420025,,1000302082,"Brancel, Dominic",,,,Right,,,,,,,,,,,,,,,,
174,2025-02-15,11:26:10.12,"Tahnk, Owen",1000137484,Right,HAR_CRI,,Slider,Live,,79.44228,-2.216624023,-4.549408467,2357.289517,151.2828483,11:00,5.07943,2.30416,8.60149,-33.34947,6.89343,-3.81069,0.34019,-2.03011,72.79094,-8.756800475,-5.302390338,0.4565791211,0.84472,4.81859,-2.15279,50,5.00219,9.25343,-115.66675,-4.92782,1.13011,24.08618,-25.72753,d1695952-fd44-49a2-a721-9d882a459a04,7c216704-bb95-4b39-a2cd-281961c99520,82.55401,LiveBpPitching,22420025,,1000302082,"Brancel, Dominic",,,,Right,,,,,,,,,,,,,,,,
175,2025-02-15,11:26:32.30,"Tahnk, Owen",1000137484,Right,HAR_CRI,,Fastball,Live,,88.58837,-2.026610641,-3.432249366,2171.807258,215.2264597,1:15,5.20092,2.24132,9.2514,-16.32893,14.80358,10.46793,2.07371,0.12502,81.2002,-5.289748414,-1.336514295,0.4015859432,-7.37684,9.62782,-2.16702,50,5.15592,7.65365,-129.34988,-4.74793,-12.4701,27.54386,-15.8988,49a5c780-0e3f-426c-9b87-fc8fb1ac54b2,7c216704-bb95-4b39-a2cd-281961c99520,93.85896,LiveBpPitching,22420025,,1000302082,"Brancel, Dominic",,,,Right,,,,,,,,,,,,,,,,
176,2025-02-15,11:26:58.44,"Tahnk, Owen",1000137484,Right,HAR_CRI,,Slider,Live,,78.84916,-0.05222087223,-3.596990949,2404.11326,150.209596,11:00,5.14117,2.49925,8.61362,-29.2668,11.22013,-6.45559,2.65618,-1.21125,72.21465,-5.823733727,-4.872104414,0.4579613323,2.77955,6.71674,-2.38007,50,5.13634,7.31586,-115.0448,-0.48554,3.69842,22.77507,-23.23687,071ba5f1-dbbe-40e6-99b4-c0f0e671fa74,7c216704-bb95-4b39-a2cd-281961c99520,82.30485,LiveBpPitching,22420025,,1000121033,"Levin, Peter",,,,Right,,,,,,,,,,,,,,,,
177,2025-02-15,11:27:11.37,"Tahnk, Owen",1000137484,Right,HAR_CRI,,Slider,Live,,76.99942,-1.571684933,-3.951955148,2563.665353,86.82221008,9:00,5.07283,2.40291,8.56186,-43.60355,-0.88562,-14.83416,0.04973,-2.32342,71.26194,-10.06099237,-6.872431297,0.4704099363,7.63195,-0.04435,-2.26745,50,5.01469,7.94639,-112.23866,-3.65269,9.63792,22.21611,-32.23006,611c7cbf-b769-4b5b-930e-3fa7a7626ea4,7c216704-bb95-4b39-a2cd-281961c99520,80.12679,LiveBpPitching,22420025,,1000121033,"Levin, Peter",,,,Right,,,,,,,,,,,,,,,,
178,2025-02-15,11:27:31.07,"Tahnk, Owen",1000137484,Right,HAR_CRI,,Fastball,Live,,89.04112,-0.8183231209,-2.591179923,2151.012456,213.5601223,1:00,5.19608,2.32165,9.20974,-15.0772,15.76925,10.48348,3.22657,0.93828,81.37589,-3.838025014,-0.489800914,0.3997366803,-7.15488,9.86711,-2.26385,50,5.17688,5.78253,-130.16531,-2.01666,-12.22163,28.43752,-15.3195,e71bbfa2-f168-49c4-829e-73e0659fdaff,7c216704-bb95-4b39-a2cd-281961c99520,94.29317,LiveBpPitching,22420025,,1000121033,"Levin, Peter",,,,Right,,,,,,,,,,,,,,,,
179,2025-02-15,11:27:50.74,"Tahnk, Owen",1000137484,Right,HAR_CRI,,Slider,Live,,76.98262,-1.489556301,-3.373106334,2423.050184,102.9333298,9:30,5.13488,2.2019,8.68838,-39.87957,2.79966,-12.44664,0.4989,-1.80552,70.62097,-9.325697188,-5.842775875,0.4701968011,6.37086,2.16466,-2.09398,50,5.08383,6.76982,-112.29758,-3.40903,8.00454,23.38735,-29.4543,9abb6b8c-4dc6-4bc7-9e1f-1999cd962905,7c216704-bb95-4b39-a2cd-281961c99520,80.16311,LiveBpPitching,22420025,,1000121033,"Levin, Peter",,,,Right,,,,,,,,,,,,,,,,
180,2025-02-15,11:28:16.61,"Tahnk, Owen",1000137484,Right,HAR_CRI,,Fastball,Live,,87.76847,0.4859973495,-2.842125293,2020.687057,209.1321689,1:00,5.27547,2.09508,9.05152,-18.73195,13.33046,7.455,4.13937,0.23256,79.89779,-3.261658453,-1.350697471,0.4075393041,-5.38322,7.94984,-2.02371,50,5.28656,6.28233,-128.24303,0.8773,-8.8944,28.47088,-19.03898,d81a2765-dc04-4092-a8f5-28977bcf0d15,7c216704-bb95-4b39-a2cd-281961c99520,92.48786,LiveBpPitching,22420025,,1000196494,"King, Justin",,,,Right,,,,,,,,,,,,,,,,
181,2025-02-15,11:28:31.60,"Tahnk, Owen",1000137484,Right,HAR_CRI,,Fastball,Live,,88.63336,,,2003.204342,,,5.3547,2.26501,9.10456,,,,2.73885,2.38267,79.84748,,,0.4051637194,-5.96167,14.58073,-2.2471,50,5.30207,1.6128,-129.54629,-4.93895,-9.92112,32.2935,-7.90952,2b5175a1-3277-4784-8008-586b72fc335a,7c216704-bb95-4b39-a2cd-281961c99520,93.03014,LiveBpPitching,22420025,,1000196494,"King, Justin",,,,Right,,,,,,,,,,,,,,,,
182,2025-02-15,11:28:55.58,"Tahnk, Owen",1000137484,Right,HAR_CRI,,Fastball,Live,,88.49051,-0.9945817956,-2.585604752,2146.678454,205.903578,12:45,5.26981,2.19968,9.33557,-16.53164,14.72931,7.16946,3.02767,0.55069,80.43091,-4.322295251,-1.140590894,0.4024134025,-5.21074,9.3599,-2.14745,50,5.24891,5.77562,-129.36576,-2.40096,-8.72862,29.88938,-16.49509,9f99e814-5fb9-4d46-b186-25fb055d97e9,7c216704-bb95-4b39-a2cd-281961c99520,93.66596,LiveBpPitching,22420025,,1000196494,"King, Justin",,,,Right,,,,,,,,,,,,,,,,
183,2025-02-15,11:29:13.60,"Tahnk, Owen",1000137484,Right,HAR_CRI,,Fastball,Live,,86.34387,-2.394598204,-5.188196917,2194.981021,217.5279822,1:15,5.33043,1.99811,9.02907,-22.8847,10.28241,7.92175,1.32165,-1.88652,79.48763,-6.922698366,-3.617522653,0.4145006569,-6.23681,6.89425,-1.8652,50,5.2672,11.32489,-125.71251,-5.53788,-9.98628,25.34944,-21.13508,efca436a-d4fe-4557-9fb3-cdd8c55a4ff0,7c216704-bb95-4b39-a2cd-281961c99520,90.93457,LiveBpPitching,22420025,,1000196494,"King, Justin",,,,Right,,,,,,,,,,,,,,,,
184,2025-02-15,11:29:36.45,"Tahnk, Owen",1000137484,Right,HAR_CRI,,Fastball,Live,,89.02185,-1.927752101,-1.967657027,2145.568115,220.4143534,1:15,5.36488,1.89147,9.33298,-14.99927,15.57477,13.27086,2.43948,1.28822,81.85472,-4.926329613,0.6940204436,0.3979677112,-8.67807,10.07953,-1.85198,50,5.32499,4.34717,-130.17124,-4.52515,-14.89883,27.17106,-14.86915,e6b8b5ce-d0f5-49ce-93b8-03e5c4dc9ce6,7c216704-bb95-4b39-a2cd-281961c99520,94.7123,LiveBpPitching,22420025,,1000196494,"King, Justin",,,,Right,,,,,,,,,,,,,,,,
185,2025-02-15,11:30:45.70,"Tahnk, Owen",1000137484,Right,HAR_CRI,,Fastball,Live,,87.59769,-2.638064008,-2.457135432,2003.833783,214.6705783,1:15,5.24808,1.81757,9.56129,-17.76102,13.45067,9.30745,1.48421,0.46819,80.99282,-6.189694913,-0.58683467,0.4020962463,-6.39897,9.0074,-1.7776,50,5.20436,5.42409,-128.0379,-6.03878,-10.67567,25.19708,-17.14661,05564b32-1b56-4815-8679-55d0c05a2a3c,7c216704-bb95-4b39-a2cd-281961c99520,93.73984,LiveBpPitching,22420025,,1000312057,"Targoff, Lou",,,,Right,,,,,,,,,,,,,,,,
186,2025-02-15,11:31:00.32,"Tahnk, Owen",1000137484,Right,HAR_CRI,,Fastball,Live,,86.61749,-1.063233193,-3.748807471,2140.338694,204.4548216,12:45,5.31415,2.19852,9.09185,-20.01012,12.6221,5.76074,2.71688,-0.5969,79.77484,-5.039099809,-2.603192388,0.4111447406,-4.50896,7.9492,-2.10669,50,5.28677,8.22328,-126.46634,-2.57136,-7.32367,25.08775,-19.26256,ac061275-c94e-4e54-8e45-c8dc2742d734,7c216704-bb95-4b39-a2cd-281961c99520,91.67681,LiveBpPitching,22420025,,1000312057,"Targoff, Lou",,,,Right,,,,,,,,,,,,,,,,
187,2025-02-15,11:31:24.96,"Tahnk, Owen",1000137484,Right,HAR_CRI,,Fastball,Live,,88.73981,-2.606395712,-2.30879587,2006.911545,216.419586,1:15,5.23843,1.99608,9.60229,-18.18253,12.38352,9.14086,1.46899,0.7629,81.47695,-6.258591152,-0.4632704122,0.3979157137,-6.32943,8.42553,-1.96017,50,5.19713,5.16353,-129.71822,-6.04194,-10.74926,27.96597,-17.86498,8d5101e9-c953-4e4f-a147-e8d01a033c18,7c216704-bb95-4b39-a2cd-281961c99520,94.72468,LiveBpPitching,22420025,,1000312057,"Targoff, Lou",,,,Right,,,,,,,,,,,,,,,,
188,2025-02-15,11:31:40.86,"Tahnk, Owen",1000137484,Right,HAR_CRI,,Fastball,Live,,87.64469,-2.087454029,-0.5664676907,2085.387591,198.9118193,12:45,5.24987,2.36386,9.30504,-16.87531,14.90965,5.11346,2.02918,2.29784,80.06544,-5.469139135,0.4629966254,0.4057721643,-3.30673,9.77327,-2.35229,50,5.20562,1.21926,-128.18868,-4.83148,-5.4578,28.49636,-16.04317,8a3f5eab-9e0d-43f0-9591-04286fe02f34,7c216704-bb95-4b39-a2cd-281961c99520,92.89065,LiveBpPitching,22420025,,1000312057,"Targoff, Lou",,,,Right,,,,,,,,,,,,,,,,
189,2025-02-15,11:32:00.33,"Tahnk, Owen",1000137484,Right,HAR_CRI,,Fastball,Live,,87.87053,-0.5189296772,-1.58852489,1963.534368,220.2289501,1:15,5.27877,2.02727,9.45084,-19.89325,11.32268,9.60149,3.17131,1.45102,80.72248,-4.512364964,0.3429490491,0.4021235394,-6.35849,7.11896,-1.99854,50,5.2686,3.48587,-128.60315,-1.33216,-10.64088,26.85261,-20.26053,52e3d807-b43d-404d-9938-3e9c650616e7,7c216704-bb95-4b39-a2cd-281961c99520,93.73348,LiveBpPitching,22420025,,1000312057,"Targoff, Lou",,,,Right,,,,,,,,,,,,,,,,